outlet_id,file_name,rank,suspicion_score,flagged,kind,consensus,z,reason
outlet_003a29a9,image_0004.jpg,1,0.1759,0,scored,0.426,-2.01,
outlet_003a29a9,image_0008.jpg,2,0.0975,0,scored,0.260,-4.85,
outlet_003a29a9,image_0001.jpg,3,0.0920,0,scored,0.243,-5.13,
outlet_003a29a9,image_0002.jpg,4,0.0797,0,scored,0.543,0.00,
outlet_003a29a9,image_0007.jpg,5,0.0797,0,scored,0.543,0.00,
outlet_003a29a9,image_0003.jpg,6,0.0762,0,scored,0.550,0.13,
outlet_003a29a9,image_0006.jpg,7,0.0674,0,scored,0.570,0.46,
outlet_003a29a9,image_0005.jpg,8,0.0546,0,scored,0.594,0.89,
outlet_004449c0,image_0003.jpg,1,0.1238,0,scored,0.470,-2.40,
outlet_004449c0,image_0004.jpg,2,0.1174,0,scored,0.478,-2.31,
outlet_004449c0,image_0002.jpg,3,0.1048,0,scored,0.497,-2.11,
outlet_004449c0,image_0005.jpg,4,0.0160,0,scored,0.676,-0.16,
outlet_004449c0,image_0009.jpg,5,0.0157,0,scored,0.677,-0.15,
outlet_004449c0,image_0001.jpg,6,0.0101,0,scored,0.704,0.15,
outlet_004449c0,image_0010.jpg,7,0.0101,0,scored,0.704,0.15,
outlet_004449c0,image_0008.jpg,8,0.0070,0,scored,0.728,0.41,
outlet_004449c0,image_0006.jpg,9,0.0034,0,scored,0.776,0.94,
outlet_004449c0,image_0007.jpg,10,0.0025,0,scored,0.793,1.12,
outlet_01e0d230,image_0009.jpg,1,0.2367,0,scored,0.299,-5.47,
outlet_01e0d230,image_0010.jpg,2,0.0806,0,scored,0.541,-2.15,
outlet_01e0d230,image_0005.jpg,3,0.0552,0,scored,0.593,-1.43,
outlet_01e0d230,image_0017.jpg,4,0.0539,0,scored,0.596,-1.39,
outlet_01e0d230,image_0007.jpg,5,0.0403,0,scored,0.620,-1.06,
outlet_01e0d230,image_0002.jpg,6,0.0159,0,scored,0.676,-0.28,
outlet_01e0d230,image_0008.jpg,7,0.0149,0,scored,0.680,-0.23,
outlet_01e0d230,image_0004.jpg,8,0.0113,0,scored,0.697,0.00,
outlet_01e0d230,image_0001.jpg,9,0.0104,0,scored,0.702,0.07,
outlet_01e0d230,image_0015.jpg,10,0.0096,0,scored,0.707,0.14,
outlet_01e0d230,image_0013.jpg,11,0.0084,0,scored,0.716,0.26,
outlet_01e0d230,image_0012.jpg,12,0.0070,0,scored,0.729,0.44,
outlet_01e0d230,image_0016.jpg,13,0.0069,0,scored,0.730,0.46,
outlet_01e0d230,image_0006.jpg,14,0.0054,0,scored,0.746,0.67,
outlet_01e0d230,image_0003.jpg,15,0.0038,0,scored,0.393,-4.18,
outlet_01e0d230,image_0011.jpg,16,0.0038,0,scored,0.769,1.00,
outlet_01e0d230,image_0014.jpg,17,0.0029,0,scored,0.786,1.22,
outlet_0280ccb5,image_0011.jpg,1,0.3000,1,duplicate,nan,nan,Identical copy of image_0010.jpg (content hash match); duplicate submission adds no new evidence of a visit.
outlet_0280ccb5,image_0030.jpg,2,0.3000,1,duplicate,nan,nan,Identical copy of image_0029.jpg (content hash match); duplicate submission adds no new evidence of a visit.
outlet_0280ccb5,image_0032.jpg,3,0.3000,1,duplicate,nan,nan,Identical copy of image_0031.jpg (content hash match); duplicate submission adds no new evidence of a visit.
outlet_0280ccb5,image_0015.jpg,4,0.0430,0,scored,0.615,-2.25,
outlet_0280ccb5,image_0009.jpg,5,0.0230,0,scored,0.655,-1.70,
outlet_0280ccb5,image_0010.jpg,6,0.0165,0,scored,0.674,-1.44,
outlet_0280ccb5,image_0008.jpg,7,0.0131,0,scored,0.688,-1.25,
outlet_0280ccb5,image_0006.jpg,8,0.0118,0,scored,0.694,-1.17,
outlet_0280ccb5,image_0012.jpg,9,0.0100,0,scored,0.705,-1.02,
outlet_0280ccb5,image_0027.jpg,10,0.0085,0,scored,0.715,-0.88,
outlet_0280ccb5,image_0031.jpg,11,0.0072,0,scored,0.579,-2.74,
outlet_0280ccb5,image_0023.jpg,12,0.0061,0,scored,0.738,-0.58,
outlet_0280ccb5,image_0026.jpg,13,0.0061,0,scored,0.739,-0.56,
outlet_0280ccb5,image_0025.jpg,14,0.0058,0,scored,0.741,-0.53,
outlet_0280ccb5,image_0007.jpg,15,0.0044,0,scored,0.761,-0.26,
outlet_0280ccb5,image_0013.jpg,16,0.0032,0,scored,0.780,0.00,
outlet_0280ccb5,image_0029.jpg,17,0.0032,0,scored,0.780,0.01,
outlet_0280ccb5,image_0004.jpg,18,0.0025,0,scored,0.795,0.20,
outlet_0280ccb5,image_0028.jpg,19,0.0022,0,scored,0.801,0.29,
outlet_0280ccb5,image_0003.jpg,20,0.0022,0,scored,0.801,0.29,
outlet_0280ccb5,image_0017.jpg,21,0.0021,0,scored,0.803,0.31,
outlet_0280ccb5,image_0005.jpg,22,0.0021,0,scored,0.803,0.32,
outlet_0280ccb5,image_0018.jpg,23,0.0018,0,scored,0.812,0.43,
outlet_0280ccb5,image_0014.jpg,24,0.0016,0,scored,0.819,0.54,
outlet_0280ccb5,image_0021.jpg,25,0.0014,0,scored,0.825,0.61,
outlet_0280ccb5,image_0020.jpg,26,0.0013,0,scored,0.829,0.67,
outlet_0280ccb5,image_0024.jpg,27,0.0013,0,scored,0.830,0.68,
outlet_0280ccb5,image_0019.jpg,28,0.0012,0,scored,0.832,0.71,
outlet_0280ccb5,image_0001.jpg,29,0.0009,0,scored,0.846,0.90,
outlet_0280ccb5,image_0022.jpg,30,0.0008,0,scored,0.853,1.00,
outlet_0280ccb5,image_0016.jpg,31,0.0000,0,scored,0.587,-2.63,
outlet_0280ccb5,image_0002.jpg,32,0.0000,0,scored,0.554,-3.07,
outlet_04473281,image_0001_1.jpg,1,0.6968,1,scored,0.384,-10.12,Median similarity to peers 0.38 vs folder median 0.77 (modified z = -10.1; absolute floor 0.27). Scene reads as 'restaurant' while 6/12 peers read as 'closed shutter'. Signage text '018_' shares 0/1 tokens with outlet signage ('৭১৬ | সকল | ১৬৯৩১৯'). No geometric match to nearest peers (max 8 SIFT inliers).
outlet_04473281,image_0002_1.jpg,2,0.6764,1,scored,0.403,-9.62,"Median similarity to peers 0.40 vs folder median 0.77 (modified z = -9.6; absolute floor 0.27). Scene reads as 'shop interior' while 6/12 peers read as 'closed shutter'. No readable signage text, while peers show '৭১৬ | সকল | ১৬৯৩১৯'. No geometric match to nearest peers (max 8 SIFT inliers)."
outlet_04473281,image_0007.jpg,3,0.0143,0,scored,0.683,-2.29,
outlet_04473281,image_0008.jpg,4,0.0097,0,scored,0.707,-1.66,
outlet_04473281,image_0009.jpg,5,0.0065,0,scored,0.734,-0.95,
outlet_04473281,image_0003.jpg,6,0.0060,0,scored,0.740,-0.79,
outlet_04473281,image_0010.jpg,7,0.0038,0,scored,0.770,0.00,
outlet_04473281,image_0011.jpg,8,0.0036,0,scored,0.773,0.09,
outlet_04473281,image_0004.jpg,9,0.0035,0,scored,0.774,0.10,
outlet_04473281,image_0005.jpg,10,0.0032,0,scored,0.780,0.26,
outlet_04473281,image_0006.jpg,11,0.0030,0,scored,0.784,0.37,
outlet_04473281,image_0002.jpg,12,0.0028,0,scored,0.788,0.48,
outlet_04473281,image_0001.jpg,13,0.0024,0,scored,0.795,0.67,
outlet_045f93b1,image_0002_1.jpg,1,0.7755,1,scored,0.277,-12.48,Median similarity to peers 0.28 vs folder median 0.81 (modified z = -12.5; absolute floor 0.27). Scene reads as 'closed shutter' while 9/16 peers read as 'storefront'. Signage text 'ষ্োর | ভ্যারাইতিজ  | :01987-778715|' shares 0/4 tokens with outlet signage ('১৪৯০ | রবি | রবি'). No geometric match to nearest peers (max 7 SIFT inliers).
outlet_045f93b1,image_0001_1.jpg,2,0.4502,1,scored,0.518,-6.82,"Median similarity to peers 0.52 vs folder median 0.81 (modified z = -6.8; absolute floor 0.27). Same scene type as peers ('storefront') but not the same place. No readable signage text, while peers show '১৪৯০ | রবি | রবি'. No geometric match to nearest peers (max 6 SIFT inliers)."
outlet_045f93b1,image_0003.jpg,3,0.2733,0,scored,0.242,-13.28,
outlet_045f93b1,image_0002.jpg,4,0.0051,0,scored,0.750,-1.36,
outlet_045f93b1,image_0001.jpg,5,0.0034,0,scored,0.775,-0.76,
outlet_045f93b1,image_0007.jpg,6,0.0028,0,scored,0.788,-0.47,
outlet_045f93b1,image_0014.jpg,7,0.0025,0,scored,0.794,-0.32,
outlet_045f93b1,image_0004.jpg,8,0.0019,0,scored,0.808,0.00,
outlet_045f93b1,image_0011.jpg,9,0.0019,0,scored,0.810,0.04,
outlet_045f93b1,image_0006.jpg,10,0.0018,0,scored,0.812,0.08,
outlet_045f93b1,image_0015.jpg,11,0.0016,0,scored,0.818,0.23,
outlet_045f93b1,image_0005.jpg,12,0.0014,0,scored,0.826,0.42,
outlet_045f93b1,image_0008.jpg,13,0.0012,0,scored,0.833,0.58,
outlet_045f93b1,image_0010.jpg,14,0.0011,0,scored,0.837,0.67,
outlet_045f93b1,image_0012.jpg,15,0.0011,0,scored,0.839,0.72,
outlet_045f93b1,image_0009.jpg,16,0.0009,0,scored,0.845,0.87,
outlet_045f93b1,image_0013.jpg,17,0.0000,0,scored,0.600,-4.89,
outlet_055c59bd,image_0003.jpg,1,0.0455,0,scored,0.611,-1.47,
outlet_055c59bd,image_0001.jpg,2,0.0174,0,scored,0.671,-0.77,
outlet_055c59bd,image_0002.jpg,3,0.0151,0,scored,0.679,-0.67,
outlet_055c59bd,image_0009.jpg,4,0.0062,0,scored,0.737,-0.01,
outlet_055c59bd,image_0007.jpg,5,0.0061,0,scored,0.738,0.00,
outlet_055c59bd,image_0008.jpg,6,0.0051,0,scored,0.750,0.15,
outlet_055c59bd,image_0004.jpg,7,0.0024,0,scored,0.795,0.67,
outlet_055c59bd,image_0006.jpg,8,0.0023,0,scored,0.798,0.69,
outlet_055c59bd,image_0005.jpg,9,0.0016,0,scored,0.818,0.93,
outlet_083cd34a,image_0002.jpg,1,0.2340,0,scored,0.314,-0.67,
outlet_083cd34a,image_0008.jpg,2,0.2271,0,scored,0.369,0.26,
outlet_083cd34a,image_0001.jpg,3,0.2224,0,scored,0.354,0.00,
outlet_083cd34a,image_0006.jpg,4,0.2212,0,scored,0.348,-0.09,
outlet_083cd34a,image_0003.jpg,5,0.2210,0,scored,0.337,-0.29,
outlet_083cd34a,image_0004.jpg,6,0.1445,0,scored,0.448,1.60,
outlet_083cd34a,image_0007.jpg,7,0.1416,0,scored,0.451,1.64,
outlet_083cd34a,image_0005.jpg,8,0.1399,0,scored,0.452,1.67,
outlet_083cd34a,image_0009.jpg,9,0.0049,0,scored,0.204,-2.53,
outlet_08e8ac70,image_0003.jpg,1,0.0079,0,scored,0.720,-1.41,
outlet_08e8ac70,image_0002.jpg,2,0.0066,0,scored,0.732,-1.07,
outlet_08e8ac70,image_0001.jpg,3,0.0050,0,scored,0.752,-0.52,
outlet_08e8ac70,image_0013.jpg,4,0.0038,0,scored,0.769,-0.04,
outlet_08e8ac70,image_0012.jpg,5,0.0037,0,scored,0.771,0.00,
outlet_08e8ac70,image_0011.jpg,6,0.0036,0,scored,0.772,0.04,
outlet_08e8ac70,image_0015.jpg,7,0.0036,0,scored,0.773,0.06,
outlet_08e8ac70,image_0010.jpg,8,0.0033,0,scored,0.777,0.18,
outlet_08e8ac70,image_0007.jpg,9,0.0031,0,scored,0.608,-4.55,
outlet_08e8ac70,image_0008.jpg,10,0.0025,0,scored,0.794,0.65,
outlet_08e8ac70,image_0005.jpg,11,0.0025,0,scored,0.795,0.67,
outlet_08e8ac70,image_0014.jpg,12,0.0024,0,scored,0.796,0.70,
outlet_08e8ac70,image_0009.jpg,13,0.0018,0,scored,0.812,1.17,
outlet_08e8ac70,image_0006.jpg,14,0.0003,0,scored,0.586,-5.17,
outlet_08e8ac70,image_0004.jpg,15,0.0000,0,scored,0.642,-3.60,
outlet_0a2befe6,image_0003.jpg,1,0.1932,0,scored,0.514,-2.89,
outlet_0a2befe6,image_0009.jpg,2,0.0601,0,scored,0.584,-1.59,
outlet_0a2befe6,image_0007.jpg,3,0.0452,0,scored,0.611,-1.09,
outlet_0a2befe6,image_0001.jpg,4,0.0280,0,scored,0.644,-0.49,
outlet_0a2befe6,image_0005.jpg,5,0.0264,0,scored,0.647,-0.43,
outlet_0a2befe6,image_0010.jpg,6,0.0189,0,scored,0.666,-0.07,
outlet_0a2befe6,image_0008.jpg,7,0.0178,0,scored,0.670,0.00,
outlet_0a2befe6,image_0013.jpg,8,0.0121,0,scored,0.692,0.41,
outlet_0a2befe6,image_0011.jpg,9,0.0103,0,scored,0.703,0.60,
outlet_0a2befe6,image_0002.jpg,10,0.0097,0,scored,0.707,0.67,
outlet_0a2befe6,image_0012.jpg,11,0.0091,0,scored,0.711,0.76,
outlet_0a2befe6,image_0006.jpg,12,0.0061,0,scored,0.738,1.26,
outlet_0a2befe6,image_0004.jpg,13,0.0037,0,scored,0.771,1.87,
outlet_0af952cd,image_0009.jpg,1,0.0112,0,scored,0.697,-1.65,
outlet_0af952cd,image_0011.jpg,2,0.0034,0,scored,0.777,-0.19,
outlet_0af952cd,image_0012.jpg,3,0.0032,0,scored,0.780,-0.13,
outlet_0af952cd,image_0005.jpg,4,0.0029,0,scored,0.785,-0.04,
outlet_0af952cd,image_0002.jpg,5,0.0027,0,scored,0.789,0.04,
outlet_0af952cd,image_0007.jpg,6,0.0027,0,scored,0.789,0.04,
outlet_0af952cd,image_0010.jpg,7,0.0018,0,scored,0.812,0.47,
outlet_0af952cd,image_0001.jpg,8,0.0011,0,scored,0.835,0.88,
outlet_0af952cd,image_0008.jpg,9,0.0010,0,scored,0.504,-5.21,
outlet_0af952cd,image_0006.jpg,10,0.0009,0,scored,0.846,1.07,
outlet_0af952cd,image_0004.jpg,11,0.0007,0,scored,0.855,1.24,
outlet_0af952cd,image_0003.jpg,12,0.0002,0,scored,0.646,-2.60,
outlet_0c0e85b4,image_0001.jpg,1,0.7904,1,scored,0.154,-13.45,"Median similarity to peers 0.15 vs folder median 0.74 (modified z = -13.4; absolute floor 0.27). Same scene type as peers ('closed shutter') but not the same place. No readable signage text, while peers show '১৪৯০ | সিম | ইন্টারনেট'. No geometric match to nearest peers (max 0 SIFT inliers)."
outlet_0c0e85b4,image_0008.jpg,2,0.0204,0,scored,0.662,-1.76,
outlet_0c0e85b4,image_0007.jpg,3,0.0083,0,scored,0.717,-0.50,
outlet_0c0e85b4,image_0003.jpg,4,0.0062,0,scored,0.738,-0.02,
outlet_0c0e85b4,image_0006.jpg,5,0.0061,0,scored,0.739,0.00,
outlet_0c0e85b4,image_0009.jpg,6,0.0056,0,scored,0.744,0.12,
outlet_0c0e85b4,image_0010.jpg,7,0.0055,0,scored,0.745,0.16,
outlet_0c0e85b4,image_0002.jpg,8,0.0044,0,scored,0.580,-3.66,
outlet_0c0e85b4,image_0004.jpg,9,0.0039,0,scored,0.768,0.67,
outlet_0c0e85b4,image_0011.jpg,10,0.0020,0,scored,0.806,1.56,
outlet_0c0e85b4,image_0005.jpg,11,0.0015,0,scored,0.822,1.92,
outlet_108e6eab,image_0018.jpg,1,0.0087,0,scored,0.714,-1.76,
outlet_108e6eab,image_0011.jpg,2,0.0054,0,scored,0.747,-1.05,
outlet_108e6eab,image_0021.jpg,3,0.0044,0,scored,0.760,-0.76,
outlet_108e6eab,image_0020.jpg,4,0.0041,0,scored,0.764,-0.67,
outlet_108e6eab,image_0005.jpg,5,0.0029,0,scored,0.785,-0.24,
outlet_108e6eab,image_0012.jpg,6,0.0025,0,scored,0.794,-0.04,
outlet_108e6eab,image_0009.jpg,7,0.0024,0,scored,0.796,0.00,
outlet_108e6eab,image_0008.jpg,8,0.0023,0,scored,0.799,0.07,
outlet_108e6eab,image_0002.jpg,9,0.0021,0,scored,0.802,0.14,
outlet_108e6eab,image_0013.jpg,10,0.0021,0,scored,0.804,0.18,
outlet_108e6eab,image_0004.jpg,11,0.0019,0,scored,0.810,0.31,
outlet_108e6eab,image_0001.jpg,12,0.0018,0,scored,0.811,0.33,
outlet_108e6eab,image_0003.jpg,13,0.0014,0,scored,0.824,0.60,
outlet_108e6eab,image_0010.jpg,14,0.0014,0,scored,0.826,0.65,
outlet_108e6eab,image_0015.jpg,15,0.0013,0,scored,0.830,0.74,
outlet_108e6eab,image_0014.jpg,16,0.0007,0,scored,0.856,1.28,
outlet_108e6eab,image_0007.jpg,17,0.0005,0,scored,0.868,1.54,
outlet_108e6eab,image_0019.jpg,18,0.0000,0,scored,0.263,-11.39,
outlet_108e6eab,image_0016.jpg,19,0.0000,0,scored,0.314,-10.32,
outlet_108e6eab,image_0017.jpg,20,0.0000,0,scored,0.593,-4.34,
outlet_108e6eab,image_0006.jpg,21,0.0000,0,scored,0.624,-3.68,
outlet_10c7ca00,image_0013.jpg,1,0.5001,1,scored,0.444,-5.96,Median similarity to peers 0.44 vs folder median 0.72 (modified z = -6.0; absolute floor 0.27). Scene reads as 'street scene' while 8/16 peers read as 'storefront'. Signage text 'PELOA | @UAD)' shares 0/2 tokens with outlet signage ('40 | OFFER | 40%'). No geometric match to nearest peers (max 10 SIFT inliers).
outlet_10c7ca00,image_0005.jpg,2,0.1523,0,scored,0.408,-6.75,
outlet_10c7ca00,image_0009.jpg,3,0.0348,0,scored,0.630,-1.90,
outlet_10c7ca00,image_0014.jpg,4,0.0204,0,scored,0.662,-1.19,
outlet_10c7ca00,image_0017.jpg,5,0.0175,0,scored,0.671,-1.00,
outlet_10c7ca00,image_0012.jpg,6,0.0102,0,scored,0.703,-0.28,
outlet_10c7ca00,image_0006.jpg,7,0.0101,0,scored,0.704,-0.27,
outlet_10c7ca00,image_0010.jpg,8,0.0093,0,scored,0.710,-0.15,
outlet_10c7ca00,image_0003.jpg,9,0.0084,0,scored,0.716,0.00,
outlet_10c7ca00,image_0016.jpg,10,0.0080,0,scored,0.720,0.07,
outlet_10c7ca00,image_0011.jpg,11,0.0067,0,scored,0.731,0.33,
outlet_10c7ca00,image_0008.jpg,12,0.0063,0,scored,0.736,0.42,
outlet_10c7ca00,image_0007.jpg,13,0.0057,0,scored,0.743,0.58,
outlet_10c7ca00,image_0001.jpg,14,0.0053,0,scored,0.747,0.67,
outlet_10c7ca00,image_0015.jpg,15,0.0047,0,scored,0.756,0.86,
outlet_10c7ca00,image_0004.jpg,16,0.0041,0,scored,0.765,1.06,
outlet_10c7ca00,image_0002.jpg,17,0.0031,0,scored,0.781,1.43,
outlet_11da187e,image_0002_1.jpg,1,0.1016,0,scored,0.502,-0.71,
outlet_11da187e,image_0003.jpg,2,0.0996,0,scored,0.505,-0.67,
outlet_11da187e,image_0001_1.jpg,3,0.0667,0,scored,0.571,0.00,
outlet_11da187e,image_0001.jpg,4,0.0470,0,scored,0.608,0.38,
outlet_11da187e,image_0002.jpg,5,0.0282,0,scored,0.643,0.74,
outlet_146ab59b,image_0008.jpg,1,0.3000,1,duplicate,nan,nan,Identical copy of image_0007.jpg (content hash match); duplicate submission adds no new evidence of a visit.
outlet_146ab59b,image_0009.jpg,2,0.3000,1,duplicate,nan,nan,Identical copy of image_0007.jpg (content hash match); duplicate submission adds no new evidence of a visit.
outlet_146ab59b,image_0010.jpg,3,0.3000,1,duplicate,nan,nan,Identical copy of image_0007.jpg (content hash match); duplicate submission adds no new evidence of a visit.
outlet_146ab59b,image_0021.jpg,4,0.0143,0,scored,0.683,-2.12,
outlet_146ab59b,image_0012.jpg,5,0.0142,0,scored,0.683,-2.11,
outlet_146ab59b,image_0016.jpg,6,0.0123,0,scored,0.692,-1.95,
outlet_146ab59b,image_0022.jpg,7,0.0083,0,scored,0.717,-1.50,
outlet_146ab59b,image_0014.jpg,8,0.0069,0,scored,0.729,-1.27,
outlet_146ab59b,image_0018.jpg,9,0.0049,0,scored,0.752,-0.85,
outlet_146ab59b,image_0019.jpg,10,0.0049,0,scored,0.753,-0.84,
outlet_146ab59b,image_0020.jpg,11,0.0036,0,scored,0.773,-0.48,
outlet_146ab59b,image_0013.jpg,12,0.0036,0,scored,0.773,-0.47,
outlet_146ab59b,image_0017.jpg,13,0.0035,0,scored,0.773,-0.47,
outlet_146ab59b,image_0007.jpg,14,0.0023,0,scored,0.799,0.00,
outlet_146ab59b,image_0024.jpg,15,0.0021,0,scored,0.804,0.09,
outlet_146ab59b,image_0026.jpg,16,0.0019,0,scored,0.809,0.17,
outlet_146ab59b,image_0003.jpg,17,0.0018,0,scored,0.812,0.24,
outlet_146ab59b,image_0004.jpg,18,0.0017,0,scored,0.815,0.29,
outlet_146ab59b,image_0011.jpg,19,0.0017,0,scored,0.816,0.30,
outlet_146ab59b,image_0023.jpg,20,0.0017,0,scored,0.816,0.31,
outlet_146ab59b,image_0001.jpg,21,0.0015,0,scored,0.821,0.41,
outlet_146ab59b,image_0006.jpg,22,0.0011,0,scored,0.836,0.67,
outlet_146ab59b,image_0005.jpg,23,0.0011,0,scored,0.836,0.68,
outlet_146ab59b,image_0002.jpg,24,0.0011,0,scored,0.838,0.71,
outlet_146ab59b,image_0015.jpg,25,0.0009,0,scored,0.849,0.90,
outlet_146ab59b,image_0025.jpg,26,0.0002,0,scored,0.578,-4.03,
outlet_16412021,image_0004.jpg,1,0.7129,1,scored,0.372,-3.18,Median similarity to peers 0.37 vs folder median 0.64 (modified z = -3.2; absolute floor 0.27). Scene reads as 'shop interior' while 2/4 peers read as 'storefront'. Signage text 'ফার্মে | করস' shares 0/2 tokens with outlet signage ('PRIVE | ফার্মেসী | ফার্মেসী'). No geometric match to nearest peers (max 7 SIFT inliers).
outlet_16412021,image_0005.jpg,2,0.0805,0,scored,0.541,-1.14,
outlet_16412021,image_0003.jpg,3,0.0319,0,scored,0.635,0.00,
outlet_16412021,image_0002.jpg,4,0.0214,0,scored,0.659,0.29,
outlet_16412021,image_0001.jpg,5,0.0124,0,scored,0.691,0.67,
outlet_176ee853,image_0014.jpg,1,0.3000,1,duplicate,nan,nan,Identical copy of image_0013.jpg (content hash match); duplicate submission adds no new evidence of a visit.
outlet_176ee853,image_0008.jpg,2,0.0235,0,scored,0.654,-0.86,
outlet_176ee853,image_0001.jpg,3,0.0096,0,scored,0.707,-0.13,
outlet_176ee853,image_0013.jpg,4,0.0085,0,scored,0.716,-0.02,
outlet_176ee853,image_0005.jpg,5,0.0083,0,scored,0.717,0.00,
outlet_176ee853,image_0002.jpg,6,0.0064,0,scored,0.735,0.24,
outlet_176ee853,image_0010.jpg,7,0.0059,0,scored,0.741,0.32,
outlet_176ee853,image_0003.jpg,8,0.0054,0,scored,0.746,0.40,
outlet_176ee853,image_0004.jpg,9,0.0040,0,scored,0.766,0.67,
outlet_176ee853,image_0012.jpg,10,0.0030,0,scored,0.783,0.91,
outlet_176ee853,image_0007.jpg,11,0.0020,0,scored,0.807,1.23,
outlet_176ee853,image_0009.jpg,12,0.0001,0,scored,0.385,-4.53,
outlet_176ee853,image_0006.jpg,13,0.0001,0,scored,0.460,-3.51,
outlet_176ee853,image_0011.jpg,14,0.0000,0,scored,0.333,-5.24,
outlet_1a444d86,image_0002_1.jpg,1,0.0192,0,scored,0.474,-7.37,
outlet_1a444d86,image_0020.jpg,2,0.0083,0,scored,0.717,-1.34,
outlet_1a444d86,image_0001.jpg,3,0.0077,0,scored,0.722,-1.20,
outlet_1a444d86,image_0004_1.jpg,4,0.0073,0,scored,0.255,-12.81,
outlet_1a444d86,image_0018.jpg,5,0.0069,0,scored,0.729,-1.02,
outlet_1a444d86,image_0003.jpg,6,0.0069,0,scored,0.730,-1.00,
outlet_1a444d86,image_0016.jpg,7,0.0048,0,scored,0.755,-0.39,
outlet_1a444d86,image_0019.jpg,8,0.0046,0,scored,0.757,-0.32,
outlet_1a444d86,image_0007.jpg,9,0.0038,0,scored,0.770,-0.02,
outlet_1a444d86,image_0004.jpg,10,0.0037,0,scored,0.770,0.00,
outlet_1a444d86,image_0003_1.jpg,11,0.0037,0,scored,0.359,-10.22,
outlet_1a444d86,image_0023.jpg,12,0.0036,0,scored,0.773,0.06,
outlet_1a444d86,image_0017.jpg,13,0.0033,0,scored,0.778,0.18,
outlet_1a444d86,image_0002.jpg,14,0.0033,0,scored,0.778,0.18,
outlet_1a444d86,image_0006.jpg,15,0.0032,0,scored,0.779,0.22,
outlet_1a444d86,image_0008.jpg,16,0.0029,0,scored,0.785,0.36,
outlet_1a444d86,image_0015.jpg,17,0.0026,0,scored,0.791,0.50,
outlet_1a444d86,image_0011.jpg,18,0.0026,0,scored,0.791,0.51,
outlet_1a444d86,image_0009.jpg,19,0.0025,0,scored,0.793,0.57,
outlet_1a444d86,image_0014.jpg,20,0.0024,0,scored,0.795,0.62,
outlet_1a444d86,image_0021.jpg,21,0.0023,0,scored,0.798,0.67,
outlet_1a444d86,image_0022.jpg,22,0.0023,0,scored,0.798,0.67,
outlet_1a444d86,image_0012.jpg,23,0.0020,0,scored,0.806,0.88,
outlet_1a444d86,image_0010.jpg,24,0.0019,0,scored,0.810,0.99,
outlet_1a444d86,image_0001_1.jpg,25,0.0007,0,scored,0.308,-11.50,
outlet_1a444d86,image_0005.jpg,26,0.0000,0,scored,0.597,-4.31,
outlet_1a444d86,image_0013.jpg,27,0.0000,0,scored,0.570,-4.99,
outlet_1a4910c8,image_0006.jpg,1,0.3000,1,duplicate,nan,nan,Identical copy of image_0005.jpg (content hash match); duplicate submission adds no new evidence of a visit.
outlet_1a4910c8,image_0029.jpg,2,0.3000,1,duplicate,nan,nan,Identical copy of image_0028.jpg (content hash match); duplicate submission adds no new evidence of a visit.
outlet_1a4910c8,image_0013.jpg,3,0.0001,0,scored,0.918,-0.85,
outlet_1a4910c8,image_0003.jpg,4,0.0001,0,scored,0.919,-0.83,
outlet_1a4910c8,image_0020.jpg,5,0.0001,0,scored,0.919,-0.80,
outlet_1a4910c8,image_0027.jpg,6,0.0001,0,scored,0.921,-0.73,
outlet_1a4910c8,image_0017.jpg,7,0.0000,0,scored,0.934,-0.11,
outlet_1a4910c8,image_0007.jpg,8,0.0000,0,scored,0.936,-0.03,
outlet_1a4910c8,image_0001.jpg,9,0.0000,0,scored,0.936,-0.02,
outlet_1a4910c8,image_0016.jpg,10,0.0000,0,scored,0.936,0.00,
outlet_1a4910c8,image_0023.jpg,11,0.0000,0,scored,0.938,0.06,
outlet_1a4910c8,image_0004.jpg,12,0.0000,0,scored,0.940,0.17,
outlet_1a4910c8,image_0015.jpg,13,0.0000,0,scored,0.940,0.19,
outlet_1a4910c8,image_0002.jpg,14,0.0000,0,scored,0.943,0.29,
outlet_1a4910c8,image_0025.jpg,15,0.0000,0,scored,0.943,0.30,
outlet_1a4910c8,image_0005.jpg,16,0.0000,0,scored,0.945,0.43,
outlet_1a4910c8,image_0021.jpg,17,0.0000,0,scored,0.946,0.45,
outlet_1a4910c8,image_0014.jpg,18,0.0000,0,scored,0.946,0.47,
outlet_1a4910c8,image_0026.jpg,19,0.0000,0,scored,0.947,0.50,
outlet_1a4910c8,image_0008.jpg,20,0.0000,0,scored,0.951,0.67,
outlet_1a4910c8,image_0009.jpg,21,0.0000,0,scored,0.953,0.80,
outlet_1a4910c8,image_0010.jpg,22,0.0000,0,scored,0.955,0.88,
outlet_1a4910c8,image_0018.jpg,23,0.0000,0,scored,0.958,1.00,
outlet_1a4910c8,image_0028.jpg,24,0.0000,0,scored,0.234,-32.94,
outlet_1a4910c8,image_0012.jpg,25,0.0000,0,scored,0.438,-23.35,
outlet_1a4910c8,image_0022.jpg,26,0.0000,0,scored,0.301,-29.80,
outlet_1a4910c8,image_0024.jpg,27,0.0000,0,scored,0.334,-28.24,
outlet_1a4910c8,image_0019.jpg,28,0.0000,0,scored,0.290,-30.31,
outlet_1a4910c8,image_0011.jpg,29,0.0000,0,scored,0.323,-28.75,
outlet_1aa573b9,image_0002.jpg,1,0.0064,0,scored,0.734,-0.65,
outlet_1aa573b9,image_0003.jpg,2,0.0064,0,scored,0.581,-3.58,
outlet_1aa573b9,image_0005.jpg,3,0.0041,0,scored,0.764,-0.09,
outlet_1aa573b9,image_0012.jpg,4,0.0041,0,scored,0.764,-0.09,
outlet_1aa573b9,image_0001.jpg,5,0.0036,0,scored,0.773,0.09,
outlet_1aa573b9,image_0007.jpg,6,0.0036,0,scored,0.773,0.09,
outlet_1aa573b9,image_0004.jpg,7,0.0031,0,scored,0.782,0.26,
outlet_1aa573b9,image_0013.jpg,8,0.0031,0,scored,0.782,0.26,
outlet_1aa573b9,image_0014.jpg,9,0.0026,0,scored,0.592,-3.36,
outlet_1aa573b9,image_0006.jpg,10,0.0020,0,scored,0.805,0.70,
outlet_1aa573b9,image_0008.jpg,11,0.0014,0,scored,0.827,1.11,
outlet_1aa573b9,image_0009.jpg,12,0.0009,0,scored,0.845,1.45,
outlet_1aa573b9,image_0010.jpg,13,0.0000,0,scored,0.598,-3.25,
outlet_1aa573b9,image_0011.jpg,14,0.0000,0,scored,0.619,-2.85,
outlet_1b2b051c,image_0001.jpg,1,0.1610,0,scored,0.428,-2.69,
outlet_1b2b051c,image_0007.jpg,2,0.1051,0,scored,0.496,-1.75,
outlet_1b2b051c,image_0002.jpg,3,0.0665,0,scored,0.572,-0.71,
outlet_1b2b051c,image_0006.jpg,4,0.0389,0,scored,0.622,-0.01,
outlet_1b2b051c,image_0004.jpg,5,0.0382,0,scored,0.623,0.01,
outlet_1b2b051c,image_0005.jpg,6,0.0260,0,scored,0.648,0.35,
outlet_1b2b051c,image_0008.jpg,7,0.0180,0,scored,0.669,0.64,
outlet_1b2b051c,image_0003.jpg,8,0.0149,0,scored,0.680,0.79,
outlet_1ce36f39,image_0015.jpg,1,0.0631,0,scored,0.578,-1.90,
outlet_1ce36f39,image_0006.jpg,2,0.0623,0,scored,0.580,-1.87,
outlet_1ce36f39,image_0003.jpg,3,0.0510,0,scored,0.601,-1.45,
outlet_1ce36f39,image_0007.jpg,4,0.0416,0,scored,0.617,-1.11,
outlet_1ce36f39,image_0009.jpg,5,0.0171,0,scored,0.672,0.00,
outlet_1ce36f39,image_0008.jpg,6,0.0169,0,scored,0.673,0.02,
outlet_1ce36f39,image_0005.jpg,7,0.0167,0,scored,0.673,0.02,
outlet_1ce36f39,image_0012.jpg,8,0.0140,0,scored,0.684,0.24,
outlet_1ce36f39,image_0014.jpg,9,0.0138,0,scored,0.685,0.26,
outlet_1ce36f39,image_0013.jpg,10,0.0134,0,scored,0.687,0.29,
outlet_1ce36f39,image_0011.jpg,11,0.0110,0,scored,0.699,0.53,
outlet_1ce36f39,image_0004.jpg,12,0.0099,0,scored,0.706,0.67,
outlet_1ce36f39,image_0002.jpg,13,0.0070,0,scored,0.468,-4.14,
outlet_1ce36f39,image_0001.jpg,14,0.0058,0,scored,0.442,-4.67,
outlet_1ce36f39,image_0010.jpg,15,0.0000,0,scored,0.541,-2.65,
outlet_1f28f2e3,image_0004.jpg,1,0.0341,0,scored,0.631,-2.03,
outlet_1f28f2e3,image_0008.jpg,2,0.0327,0,scored,0.634,-1.97,
outlet_1f28f2e3,image_0013.jpg,3,0.0130,0,scored,0.688,-0.71,
outlet_1f28f2e3,image_0003.jpg,4,0.0128,0,scored,0.689,-0.69,
outlet_1f28f2e3,image_0002.jpg,5,0.0127,0,scored,0.690,-0.67,
outlet_1f28f2e3,image_0005.jpg,6,0.0093,0,scored,0.709,-0.22,
outlet_1f28f2e3,image_0007.jpg,7,0.0082,0,scored,0.717,-0.04,
outlet_1f28f2e3,image_0001.jpg,8,0.0080,0,scored,0.719,0.00,
outlet_1f28f2e3,image_0009.jpg,9,0.0072,0,scored,0.726,0.17,
outlet_1f28f2e3,image_0015.jpg,10,0.0062,0,scored,0.736,0.40,
outlet_1f28f2e3,image_0014.jpg,11,0.0062,0,scored,0.737,0.42,
outlet_1f28f2e3,image_0012.jpg,12,0.0060,0,scored,0.740,0.48,
outlet_1f28f2e3,image_0019.jpg,13,0.0059,0,scored,0.740,0.49,
outlet_1f28f2e3,image_0006.jpg,14,0.0059,0,scored,0.741,0.50,
outlet_1f28f2e3,image_0011.jpg,15,0.0057,0,scored,0.610,-2.51,
outlet_1f28f2e3,image_0010.jpg,16,0.0052,0,scored,0.749,0.68,
outlet_1f28f2e3,image_0018.jpg,17,0.0051,0,scored,0.750,0.72,
outlet_1f28f2e3,image_0016.jpg,18,0.0037,0,scored,0.770,1.18,
outlet_1f28f2e3,image_0017.jpg,19,0.0000,0,scored,0.590,-2.99,
outlet_256287da,image_0003.jpg,1,0.0536,0,scored,0.596,-2.41,
outlet_256287da,image_0006.jpg,2,0.0137,0,scored,0.685,-0.67,
outlet_256287da,image_0005.jpg,3,0.0101,0,scored,0.704,-0.32,
outlet_256287da,image_0001.jpg,4,0.0079,0,scored,0.720,0.00,
outlet_256287da,image_0004.jpg,5,0.0061,0,scored,0.738,0.35,
outlet_256287da,image_0007.jpg,6,0.0034,0,scored,0.776,1.09,
outlet_256287da,image_0002.jpg,7,0.0032,0,scored,0.780,1.16,
outlet_264cdac2,image_0002_1.jpg,1,0.0690,0,scored,0.566,0.00,
outlet_264cdac2,image_0003.jpg,2,0.0477,0,scored,0.607,0.42,
outlet_264cdac2,image_0001_1.jpg,3,0.0340,0,scored,0.631,0.67,
outlet_264cdac2,image_0002.jpg,4,0.0000,0,scored,0.317,-2.59,
outlet_264cdac2,image_0001.jpg,5,0.0000,0,scored,0.324,-2.52,
outlet_2790dc54,image_0007.jpg,1,0.0127,0,scored,0.690,-0.90,
outlet_2790dc54,image_0006.jpg,2,0.0100,0,scored,0.705,-0.69,
outlet_2790dc54,image_0001.jpg,3,0.0048,0,scored,0.754,0.00,
outlet_2790dc54,image_0003.jpg,4,0.0048,0,scored,0.754,0.00,
outlet_2790dc54,image_0004.jpg,5,0.0027,0,scored,0.789,0.48,
outlet_2790dc54,image_0008.jpg,6,0.0022,0,scored,0.801,0.66,
outlet_2790dc54,image_0005.jpg,7,0.0015,0,scored,0.821,0.94,
outlet_2790dc54,image_0002.jpg,8,0.0001,0,scored,0.571,-2.54,
outlet_282fec27,image_0006.jpg,1,0.0332,0,scored,0.250,-18.58,
outlet_282fec27,image_0003.jpg,2,0.0034,0,scored,0.775,-1.70,
outlet_282fec27,image_0002.jpg,3,0.0026,0,scored,0.791,-1.18,
outlet_282fec27,image_0011.jpg,4,0.0021,0,scored,0.804,-0.76,
outlet_282fec27,image_0007.jpg,5,0.0013,0,scored,0.828,0.00,
outlet_282fec27,image_0004.jpg,6,0.0011,0,scored,0.836,0.27,
outlet_282fec27,image_0005.jpg,7,0.0011,0,scored,0.837,0.29,
outlet_282fec27,image_0008.jpg,8,0.0009,0,scored,0.845,0.54,
outlet_282fec27,image_0009.jpg,9,0.0009,0,scored,0.847,0.62,
outlet_282fec27,image_0010.jpg,10,0.0008,0,scored,0.849,0.67,
outlet_282fec27,image_0001.jpg,11,0.0000,0,scored,0.743,-2.75,
outlet_288f9f47,image_0002_1.jpg,1,0.8044,1,scored,0.235,-9.69,"Median similarity to peers 0.23 vs folder median 0.75 (modified z = -9.7; absolute floor 0.27). Scene reads as 'shop interior' while 8/16 peers read as 'closed shutter'. No readable signage text, while peers show '797 | pepsi | 970050'. No geometric match to nearest peers (max 6 SIFT inliers)."
outlet_288f9f47,image_0001_1.jpg,2,0.6558,1,scored,0.365,-7.21,Median similarity to peers 0.37 vs folder median 0.75 (modified z = -7.2; absolute floor 0.27). Same scene type as peers ('closed shutter') but not the same place. Signage text 'দ্রক | ৪ুঁ' shares 0/2 tokens with outlet signage ('797 | pepsi | 970050'). No geometric match to nearest peers (max 5 SIFT inliers).
outlet_288f9f47,image_0013.jpg,3,0.3000,1,duplicate,nan,nan,Identical copy of image_0012.jpg (content hash match); duplicate submission adds no new evidence of a visit.
outlet_288f9f47,image_0005.jpg,4,0.0280,0,scored,0.644,-1.94,
outlet_288f9f47,image_0002.jpg,5,0.0174,0,scored,0.671,-1.42,
outlet_288f9f47,image_0016.jpg,6,0.0073,0,scored,0.726,-0.38,
outlet_288f9f47,image_0011.jpg,7,0.0070,0,scored,0.728,-0.33,
outlet_288f9f47,image_0015.jpg,8,0.0064,0,scored,0.734,-0.22,
outlet_288f9f47,image_0001.jpg,9,0.0054,0,scored,0.746,0.00,
outlet_288f9f47,image_0004.jpg,10,0.0050,0,scored,0.752,0.12,
outlet_288f9f47,image_0003.jpg,11,0.0046,0,scored,0.756,0.20,
outlet_288f9f47,image_0014.jpg,12,0.0043,0,scored,0.762,0.30,
outlet_288f9f47,image_0007.jpg,13,0.0031,0,scored,0.781,0.67,
outlet_288f9f47,image_0006.jpg,14,0.0031,0,scored,0.781,0.67,
outlet_288f9f47,image_0009.jpg,15,0.0030,0,scored,0.783,0.70,
outlet_288f9f47,image_0008.jpg,16,0.0028,0,scored,0.787,0.78,
outlet_288f9f47,image_0010.jpg,17,0.0021,0,scored,0.803,1.08,
outlet_288f9f47,image_0012.jpg,18,0.0000,0,scored,0.557,-3.58,
outlet_28e3acec,image_0001_1_1.jpg,1,0.8612,1,scored,0.071,-7.96,"Median similarity to peers 0.07 vs folder median 0.78 (modified z = -8.0; absolute floor 0.27). Scene reads as 'house' while 22/29 peers read as 'storefront'. No readable signage text, while peers show 'AKASH | DigitalTV | AKASH'. No geometric match to nearest peers (max 5 SIFT inliers)."
outlet_28e3acec,image_0001_1.jpg,2,0.6641,1,scored,0.315,-5.21,Median similarity to peers 0.32 vs folder median 0.78 (modified z = -5.2; absolute floor 0.27). Scene reads as 'closed shutter' while 22/29 peers read as 'storefront'. Signage text 'এন্টারপ্রাইজ | র্মান | মেেমাস' shares 0/3 tokens with outlet signage ('AKASH | DigitalTV | AKASH'). No geometric match to nearest peers (max 5 SIFT inliers).
outlet_28e3acec,image_0001_2.jpg,3,0.5076,1,scored,0.490,-3.24,"Median similarity to peers 0.49 vs folder median 0.78 (modified z = -3.2; absolute floor 0.27). Same scene type as peers ('storefront') but not the same place. Signage text '৮১৪৭১ | কাটাখাল বাজার, ঝি | মোবাঃ ০১৭১৮' shares 0/8 tokens with outlet signage ('AKASH | DigitalTV | AKASH'). No geometric match to nearest peers (max 7 SIFT inliers)."
outlet_28e3acec,image_0002_1.jpg,4,0.5045,1,scored,0.414,-4.11,"Median similarity to peers 0.41 vs folder median 0.78 (modified z = -4.1; absolute floor 0.27). Scene reads as 'restaurant' while 22/29 peers read as 'storefront'. No readable signage text, while peers show 'AKASH | DigitalTV | AKASH'. No geometric match to nearest peers (max 0 SIFT inliers)."
outlet_28e3acec,image_0002_2.jpg,5,0.0631,0,scored,0.578,-2.25,
outlet_28e3acec,image_0003_1.jpg,6,0.0318,0,scored,0.636,-1.61,
outlet_28e3acec,image_0003.jpg,7,0.0202,0,scored,0.663,-1.30,
outlet_28e3acec,image_0011.jpg,8,0.0081,0,scored,0.719,-0.67,
outlet_28e3acec,image_0009.jpg,9,0.0065,0,scored,0.733,-0.51,
outlet_28e3acec,image_0007.jpg,10,0.0059,0,scored,0.741,-0.42,
outlet_28e3acec,image_0020.jpg,11,0.0059,0,scored,0.741,-0.42,
outlet_28e3acec,image_0002.jpg,12,0.0046,0,scored,0.553,-2.54,
outlet_28e3acec,image_0021.jpg,13,0.0043,0,scored,0.762,-0.19,
outlet_28e3acec,image_0019.jpg,14,0.0034,0,scored,0.776,-0.03,
outlet_28e3acec,image_0008.jpg,15,0.0033,0,scored,0.778,0.00,
outlet_28e3acec,image_0010.jpg,16,0.0033,0,scored,0.778,0.00,
outlet_28e3acec,image_0001.jpg,17,0.0030,0,scored,0.783,0.05,
outlet_28e3acec,image_0005.jpg,18,0.0028,0,scored,0.787,0.10,
outlet_28e3acec,image_0022.jpg,19,0.0020,0,scored,0.807,0.32,
outlet_28e3acec,image_0023.jpg,20,0.0019,0,scored,0.810,0.36,
outlet_28e3acec,image_0006.jpg,21,0.0016,0,scored,0.818,0.44,
outlet_28e3acec,image_0017.jpg,22,0.0016,0,scored,0.819,0.46,
outlet_28e3acec,image_0004.jpg,23,0.0013,0,scored,0.830,0.58,
outlet_28e3acec,image_0024.jpg,24,0.0011,0,scored,0.839,0.68,
outlet_28e3acec,image_0013.jpg,25,0.0010,0,scored,0.842,0.72,
outlet_28e3acec,image_0016.jpg,26,0.0009,0,scored,0.844,0.74,
outlet_28e3acec,image_0015.jpg,27,0.0009,0,scored,0.846,0.76,
outlet_28e3acec,image_0014.jpg,28,0.0008,0,scored,0.853,0.84,
outlet_28e3acec,image_0018.jpg,29,0.0007,0,scored,0.857,0.89,
outlet_28e3acec,image_0012.jpg,30,0.0007,0,scored,0.859,0.90,
outlet_29139154,image_0011.jpg,1,0.0247,0,scored,0.468,-9.13,
outlet_29139154,image_0002.jpg,2,0.0074,0,scored,0.725,-2.12,
outlet_29139154,image_0010.jpg,3,0.0053,0,scored,0.747,-1.50,
outlet_29139154,image_0007.jpg,4,0.0027,0,scored,0.790,-0.33,
outlet_29139154,image_0006.jpg,5,0.0022,0,scored,0.802,0.00,
outlet_29139154,image_0001.jpg,6,0.0017,0,scored,0.815,0.35,
outlet_29139154,image_0008.jpg,7,0.0016,0,scored,0.818,0.44,
outlet_29139154,image_0009.jpg,8,0.0014,0,scored,0.824,0.59,
outlet_29139154,image_0005.jpg,9,0.0014,0,scored,0.827,0.67,
outlet_29139154,image_0003.jpg,10,0.0012,0,scored,0.834,0.87,
outlet_29139154,image_0004.jpg,11,0.0000,0,scored,0.688,-3.13,
outlet_2df55e25,image_0001.jpg,1,0.3430,0,scored,0.220,-1.79,
outlet_2df55e25,image_0003.jpg,2,0.3307,0,scored,0.247,-1.55,
outlet_2df55e25,image_0005.jpg,3,0.1832,0,scored,0.421,0.00,
outlet_2df55e25,image_0004.jpg,4,0.1783,0,scored,0.424,0.03,
outlet_2df55e25,image_0002.jpg,5,0.1047,0,scored,0.497,0.67,
outlet_2e2f0c83,image_0009.jpg,1,0.1536,0,scored,0.398,-3.33,
outlet_2e2f0c83,image_0010.jpg,2,0.0797,0,scored,0.543,-1.26,
outlet_2e2f0c83,image_0002.jpg,3,0.0776,0,scored,0.547,-1.19,
outlet_2e2f0c83,image_0014.jpg,4,0.0710,0,scored,0.562,-0.99,
outlet_2e2f0c83,image_0004.jpg,5,0.0593,0,scored,0.586,-0.65,
outlet_2e2f0c83,image_0003.jpg,6,0.0388,0,scored,0.428,-2.89,
outlet_2e2f0c83,image_0013.jpg,7,0.0362,0,scored,0.627,-0.06,
outlet_2e2f0c83,image_0005.jpg,8,0.0321,0,scored,0.635,0.06,
outlet_2e2f0c83,image_0011.jpg,9,0.0321,0,scored,0.635,0.06,
outlet_2e2f0c83,image_0006.jpg,10,0.0251,0,scored,0.650,0.27,
outlet_2e2f0c83,image_0007.jpg,11,0.0248,0,scored,0.651,0.28,
outlet_2e2f0c83,image_0008.jpg,12,0.0181,0,scored,0.669,0.54,
outlet_2e2f0c83,image_0012.jpg,13,0.0149,0,scored,0.680,0.70,
outlet_2e2f0c83,image_0001.jpg,14,0.0142,0,scored,0.683,0.74,
outlet_2ed27fc4,image_0003.jpg,1,0.7843,1,scored,0.103,-3.62,Median similarity to peers 0.10 vs folder median 0.32 (modified z = -3.6; absolute floor 0.27). Same scene type as peers ('closed shutter') but not the same place. Signage text 'শিখুন | প | ড্রাইভিং' shares 0/3 tokens with outlet signage ('99 | 01946-707048 | রোড;'). No geometric match to nearest peers (max 16 SIFT inliers).
outlet_2ed27fc4,image_0001_1.jpg,2,0.3644,0,scored,0.194,-2.07,
outlet_2ed27fc4,image_0004_1.jpg,3,0.3380,0,scored,0.234,-1.39,
outlet_2ed27fc4,image_0001.jpg,4,0.2403,0,scored,0.308,-0.12,
outlet_2ed27fc4,image_0005.jpg,5,0.2370,0,scored,0.311,-0.08,
outlet_2ed27fc4,image_0002.jpg,6,0.2286,0,scored,0.320,0.08,
outlet_2ed27fc4,image_0003_1.jpg,7,0.2286,0,scored,0.320,0.08,
outlet_2ed27fc4,image_0002_1.jpg,8,0.2248,0,scored,0.362,0.78,
outlet_2ed27fc4,image_0006.jpg,9,0.2213,0,scored,0.349,0.57,
outlet_2ed27fc4,image_0004.jpg,10,0.1614,0,scored,0.435,2.03,
outlet_2fed22e2,image_0001.jpg,1,0.3526,1,scored,0.375,-6.82,Median similarity to peers 0.38 vs folder median 0.70 (modified z = -6.8; absolute floor 0.27). Same scene type as peers ('closed shutter') but not the same place. Signage text 'ONALD | 000[1' shares 0/2 tokens with outlet signage ('কাশ | পেমেন্ট বিকাশ করুন | বিকাশ'). No geometric match to nearest peers (max 27 SIFT inliers).
outlet_2fed22e2,image_0011.jpg,2,0.0448,0,scored,0.612,-1.83,
outlet_2fed22e2,image_0008.jpg,3,0.0238,0,scored,0.653,-0.95,
outlet_2fed22e2,image_0006.jpg,4,0.0189,0,scored,0.666,-0.67,
outlet_2fed22e2,image_0002.jpg,5,0.0169,0,scored,0.673,-0.54,
outlet_2fed22e2,image_0010.jpg,6,0.0110,0,scored,0.698,0.00,
outlet_2fed22e2,image_0003.jpg,7,0.0104,0,scored,0.702,0.08,
outlet_2fed22e2,image_0004.jpg,8,0.0099,0,scored,0.705,0.15,
outlet_2fed22e2,image_0007.jpg,9,0.0074,0,scored,0.725,0.56,
outlet_2fed22e2,image_0009.jpg,10,0.0048,0,scored,0.754,1.17,
outlet_2fed22e2,image_0005.jpg,11,0.0031,0,scored,0.781,1.73,
outlet_31cc0334,image_0011.jpg,1,0.0059,0,scored,0.740,-1.08,
outlet_31cc0334,image_0010.jpg,2,0.0059,0,scored,0.740,-1.07,
outlet_31cc0334,image_0006.jpg,3,0.0051,0,scored,0.750,-0.88,
outlet_31cc0334,image_0009.jpg,4,0.0041,0,scored,0.765,-0.59,
outlet_31cc0334,image_0014.jpg,5,0.0034,0,scored,0.776,-0.37,
outlet_31cc0334,image_0005.jpg,6,0.0032,0,scored,0.779,-0.32,
outlet_31cc0334,image_0013.jpg,7,0.0028,0,scored,0.787,-0.15,
outlet_31cc0334,image_0004.jpg,8,0.0021,0,scored,0.803,0.15,
outlet_31cc0334,image_0002.jpg,9,0.0015,0,scored,0.820,0.49,
outlet_31cc0334,image_0003.jpg,10,0.0015,0,scored,0.820,0.49,
outlet_31cc0334,image_0007.jpg,11,0.0012,0,scored,0.834,0.76,
outlet_31cc0334,image_0008.jpg,12,0.0012,0,scored,0.834,0.76,
outlet_31cc0334,image_0012.jpg,13,0.0011,0,scored,0.835,0.78,
outlet_31cc0334,image_0001.jpg,14,0.0010,0,scored,0.843,0.94,
outlet_349bc0a8,image_0007.jpg,1,0.8279,1,scored,0.185,-5.07,Median similarity to peers 0.18 vs folder median 0.76 (modified z = -5.1; absolute floor 0.27). Scene reads as 'closed shutter' while 15/17 peers read as 'storefront'. Signage text 'ঘটার' shares 0/1 tokens with outlet signage ('কন | [১৪৯০ | ^'). No geometric match to nearest peers (max 8 SIFT inliers).
outlet_349bc0a8,image_0001_1.jpg,2,0.8133,1,scored,0.180,-5.11,Median similarity to peers 0.18 vs folder median 0.76 (modified z = -5.1; absolute floor 0.27). Scene reads as 'closed shutter' while 15/17 peers read as 'storefront'. Signage text 'দোকান | নং-১; | বাদব;' shares 0/5 tokens with outlet signage ('কন | [১৪৯০ | ^'). No geometric match to nearest peers (max 9 SIFT inliers).
outlet_349bc0a8,image_0002_1.jpg,3,0.6588,1,scored,0.350,-3.63,Median similarity to peers 0.35 vs folder median 0.76 (modified z = -3.6; absolute floor 0.27). Same scene type as peers ('storefront') but not the same place. Signage text 'রোগীদের | জন্য | গরীব' shares 0/37 tokens with outlet signage ('কন | [১৪৯০ | ^'). No geometric match to nearest peers (max 9 SIFT inliers).
outlet_349bc0a8,image_0010.jpg,4,0.3000,1,duplicate,nan,nan,Identical copy of image_0009.jpg (content hash match); duplicate submission adds no new evidence of a visit.
outlet_349bc0a8,image_0003_1.jpg,5,0.0768,0,scored,0.549,-1.89,
outlet_349bc0a8,image_0006.jpg,6,0.0308,0,scored,0.638,-1.11,
outlet_349bc0a8,image_0004.jpg,7,0.0188,0,scored,0.667,-0.86,
outlet_349bc0a8,image_0003.jpg,8,0.0054,0,scored,0.746,-0.17,
outlet_349bc0a8,image_0016.jpg,9,0.0049,0,scored,0.753,-0.10,
outlet_349bc0a8,image_0001.jpg,10,0.0046,0,scored,0.757,-0.07,
outlet_349bc0a8,image_0014.jpg,11,0.0036,0,scored,0.772,0.07,
outlet_349bc0a8,image_0002.jpg,12,0.0023,0,scored,0.798,0.29,
outlet_349bc0a8,image_0005.jpg,13,0.0023,0,scored,0.798,0.29,
outlet_349bc0a8,image_0011.jpg,14,0.0023,0,scored,0.799,0.30,
outlet_349bc0a8,image_0013.jpg,15,0.0014,0,scored,0.823,0.51,
outlet_349bc0a8,image_0015.jpg,16,0.0010,0,scored,0.840,0.65,
outlet_349bc0a8,image_0012.jpg,17,0.0009,0,scored,0.844,0.70,
outlet_349bc0a8,image_0008.jpg,18,0.0009,0,scored,0.846,0.71,
outlet_349bc0a8,image_0009.jpg,19,0.0006,0,scored,0.862,0.85,
outlet_36017925,image_0010.jpg,1,0.0116,0,scored,0.695,-1.65,
outlet_36017925,image_0011.jpg,2,0.0039,0,scored,0.618,-2.99,
outlet_36017925,image_0003.jpg,3,0.0036,0,scored,0.772,-0.32,
outlet_36017925,image_0001.jpg,4,0.0030,0,scored,0.783,-0.14,
outlet_36017925,image_0007.jpg,5,0.0026,0,scored,0.791,0.00,
outlet_36017925,image_0002.jpg,6,0.0016,0,scored,0.819,0.49,
outlet_36017925,image_0004.jpg,7,0.0014,0,scored,0.825,0.60,
outlet_36017925,image_0005.jpg,8,0.0013,0,scored,0.830,0.67,
outlet_36017925,image_0008.jpg,9,0.0010,0,scored,0.842,0.89,
outlet_36017925,image_0009.jpg,10,0.0009,0,scored,0.847,0.97,
outlet_36017925,image_0006.jpg,11,0.0005,0,scored,0.608,-3.18,
outlet_36bfbfba,image_0001.jpg,1,0.1019,0,scored,0.501,-2.08,
outlet_36bfbfba,image_0005.jpg,2,0.0779,0,scored,0.547,-1.24,
outlet_36bfbfba,image_0002.jpg,3,0.0599,0,scored,0.585,-0.55,
outlet_36bfbfba,image_0004.jpg,4,0.0496,0,scored,0.603,-0.20,
outlet_36bfbfba,image_0003.jpg,5,0.0371,0,scored,0.626,0.20,
outlet_36bfbfba,image_0006.jpg,6,0.0371,0,scored,0.626,0.20,
outlet_36bfbfba,image_0007.jpg,7,0.0219,0,scored,0.658,0.80,
outlet_36bfbfba,image_0008.jpg,8,0.0099,0,scored,0.705,1.67,
outlet_376cc0f6,image_0004.jpg,1,0.1782,0,scored,0.081,-5.21,
outlet_376cc0f6,image_0005.jpg,2,0.0483,0,scored,0.606,-0.57,
outlet_376cc0f6,image_0001.jpg,3,0.0177,0,scored,0.670,0.00,
outlet_376cc0f6,image_0006.jpg,4,0.0177,0,scored,0.670,0.00,
outlet_376cc0f6,image_0009.jpg,5,0.0081,0,scored,0.718,0.42,
outlet_376cc0f6,image_0010.jpg,6,0.0081,0,scored,0.718,0.42,
outlet_376cc0f6,image_0007.jpg,7,0.0045,0,scored,0.758,0.78,
outlet_376cc0f6,image_0008.jpg,8,0.0041,0,scored,0.764,0.83,
outlet_376cc0f6,image_0002.jpg,9,0.0000,0,scored,0.264,-3.59,
outlet_376cc0f6,image_0003.jpg,10,0.0000,0,scored,0.286,-3.40,
outlet_3bb172c5,image_0011.jpg,1,0.3000,1,duplicate,nan,nan,Identical copy of image_0010.jpg (content hash match); duplicate submission adds no new evidence of a visit.
outlet_3bb172c5,image_0014.jpg,2,0.0025,0,scored,0.795,-1.55,
outlet_3bb172c5,image_0001.jpg,3,0.0019,0,scored,0.810,-1.10,
outlet_3bb172c5,image_0010.jpg,4,0.0017,0,scored,0.814,-0.99,
outlet_3bb172c5,image_0013.jpg,5,0.0015,0,scored,0.820,-0.80,
outlet_3bb172c5,image_0015.jpg,6,0.0012,0,scored,0.831,-0.46,
outlet_3bb172c5,image_0007.jpg,7,0.0009,0,scored,0.847,0.00,
outlet_3bb172c5,image_0006.jpg,8,0.0008,0,scored,0.850,0.08,
outlet_3bb172c5,image_0002.jpg,9,0.0008,0,scored,0.853,0.16,
outlet_3bb172c5,image_0003.jpg,10,0.0008,0,scored,0.853,0.17,
outlet_3bb172c5,image_0008.jpg,11,0.0006,0,scored,0.865,0.52,
outlet_3bb172c5,image_0005.jpg,12,0.0006,0,scored,0.866,0.55,
outlet_3bb172c5,image_0012.jpg,13,0.0005,0,scored,0.870,0.67,
outlet_3bb172c5,image_0004.jpg,14,0.0005,0,scored,0.873,0.75,
outlet_3bb172c5,image_0016.jpg,15,0.0000,0,scored,0.719,-3.77,
outlet_3bb172c5,image_0009.jpg,16,0.0000,0,scored,0.749,-2.91,
outlet_3c954cee,image_0006.jpg,1,0.0020,0,scored,0.806,-0.74,
outlet_3c954cee,image_0001.jpg,2,0.0019,0,scored,0.808,-0.61,
outlet_3c954cee,image_0004.jpg,3,0.0016,0,scored,0.818,0.00,
outlet_3c954cee,image_0005.jpg,4,0.0016,0,scored,0.818,0.00,
outlet_3c954cee,image_0002.jpg,5,0.0012,0,scored,0.831,0.83,
outlet_3c954cee,image_0003.jpg,6,0.0009,0,scored,0.848,1.90,
outlet_3cf44c1c,image_0002.jpg,1,0.0049,0,scored,0.753,-1.56,
outlet_3cf44c1c,image_0001.jpg,2,0.0027,0,scored,0.790,-0.67,
outlet_3cf44c1c,image_0005.jpg,3,0.0016,0,scored,0.818,0.00,
outlet_3cf44c1c,image_0003.jpg,4,0.0016,0,scored,0.819,0.02,
outlet_3cf44c1c,image_0004.jpg,5,0.0008,0,scored,0.854,0.85,
outlet_3d493e9d,image_0001.jpg,1,0.0104,0,scored,0.702,-0.68,
outlet_3d493e9d,image_0008.jpg,2,0.0088,0,scored,0.713,-0.39,
outlet_3d493e9d,image_0002.jpg,3,0.0073,0,scored,0.726,-0.04,
outlet_3d493e9d,image_0007.jpg,4,0.0070,0,scored,0.729,0.04,
outlet_3d493e9d,image_0010.jpg,5,0.0051,0,scored,0.750,0.61,
outlet_3d493e9d,image_0004.jpg,6,0.0049,0,scored,0.753,0.67,
outlet_3d493e9d,image_0005.jpg,7,0.0049,0,scored,0.753,0.67,
outlet_3d493e9d,image_0009.jpg,8,0.0029,0,scored,0.784,1.51,
outlet_3d493e9d,image_0003.jpg,9,0.0000,0,scored,0.449,-7.39,
outlet_3d493e9d,image_0006.jpg,10,0.0000,0,scored,0.588,-3.69,
outlet_3f09815b,image_0006.jpg,1,0.0058,0,scored,0.742,-1.82,
outlet_3f09815b,image_0005.jpg,2,0.0038,0,scored,0.769,-1.06,
outlet_3f09815b,image_0004.jpg,3,0.0024,0,scored,0.797,-0.29,
outlet_3f09815b,image_0001.jpg,4,0.0016,0,scored,0.818,0.29,
outlet_3f09815b,image_0003.jpg,5,0.0016,0,scored,0.818,0.29,
outlet_3f09815b,image_0002.jpg,6,0.0009,0,scored,0.848,1.11,
outlet_4057fa9f,image_0005.jpg,1,0.0025,0,scored,0.793,-2.21,
outlet_4057fa9f,image_0003.jpg,2,0.0014,0,scored,0.825,0.00,
outlet_4057fa9f,image_0001.jpg,3,0.0013,0,scored,0.827,0.13,
outlet_4057fa9f,image_0002.jpg,4,0.0012,0,scored,0.833,0.52,
outlet_4057fa9f,image_0004.jpg,5,0.0000,0,scored,0.761,-4.33,
outlet_4369bd99,image_0006.jpg,1,0.9320,1,scored,-0.006,-6.73,"Median similarity to peers -0.01 vs folder median 0.52 (modified z = -6.7; absolute floor 0.27). Scene reads as 'poster close-up' while 5/9 peers read as 'storefront'. No readable signage text, while peers show 'ARAFAT | পযন্ত | খুলুন'. No geometric match to nearest peers (max 4 SIFT inliers)."
outlet_4369bd99,image_0001.jpg,2,0.2213,0,scored,0.335,-2.35,
outlet_4369bd99,image_0010.jpg,3,0.2207,0,scored,0.344,-2.23,
outlet_4369bd99,image_0003.jpg,4,0.1331,0,scored,0.459,-0.75,
outlet_4369bd99,image_0008.jpg,5,0.1186,0,scored,0.477,-0.53,
outlet_4369bd99,image_0002.jpg,6,0.0724,0,scored,0.559,0.53,
outlet_4369bd99,image_0004.jpg,7,0.0692,0,scored,0.566,0.62,
outlet_4369bd99,image_0009.jpg,8,0.0692,0,scored,0.566,0.62,
outlet_4369bd99,image_0005.jpg,9,0.0687,0,scored,0.567,0.63,
outlet_4369bd99,image_0007.jpg,10,0.0656,0,scored,0.573,0.72,
outlet_459bb23b,image_0005.jpg,1,0.0099,0,scored,0.705,-0.13,
outlet_459bb23b,image_0002.jpg,2,0.0091,0,scored,0.711,0.00,
outlet_459bb23b,image_0008.jpg,3,0.0091,0,scored,0.711,0.00,
outlet_459bb23b,image_0006.jpg,4,0.0061,0,scored,0.738,0.60,
outlet_459bb23b,image_0004.jpg,5,0.0056,0,scored,0.744,0.75,
outlet_459bb23b,image_0001.jpg,6,0.0049,0,scored,0.753,0.94,
outlet_459bb23b,image_0007.jpg,7,0.0001,0,scored,0.446,-5.98,
outlet_459bb23b,image_0003.jpg,8,0.0000,0,scored,0.506,-4.63,
outlet_459c1a69,image_0009.jpg,1,0.0255,0,scored,0.500,-5.69,
outlet_459c1a69,image_0010.jpg,2,0.0228,0,scored,0.656,-1.99,
outlet_459c1a69,image_0003.jpg,3,0.0156,0,scored,0.677,-1.47,
outlet_459c1a69,image_0013.jpg,4,0.0090,0,scored,0.711,-0.67,
outlet_459c1a69,image_0004.jpg,5,0.0073,0,scored,0.726,-0.32,
outlet_459c1a69,image_0015.jpg,6,0.0072,0,scored,0.726,-0.31,
outlet_459c1a69,image_0005.jpg,7,0.0065,0,scored,0.734,-0.13,
outlet_459c1a69,image_0002.jpg,8,0.0063,0,scored,0.736,-0.08,
outlet_459c1a69,image_0012.jpg,9,0.0057,0,scored,0.743,0.08,
outlet_459c1a69,image_0014.jpg,10,0.0053,0,scored,0.747,0.19,
outlet_459c1a69,image_0008.jpg,11,0.0044,0,scored,0.760,0.48,
outlet_459c1a69,image_0006.jpg,12,0.0039,0,scored,0.768,0.68,
outlet_459c1a69,image_0011.jpg,13,0.0035,0,scored,0.773,0.81,
outlet_459c1a69,image_0001.jpg,14,0.0034,0,scored,0.775,0.86,
outlet_459c1a69,image_0007.jpg,15,0.0034,0,scored,0.776,0.86,
outlet_459c1a69,image_0016.jpg,16,0.0034,0,scored,0.777,0.89,
outlet_47cf0cdd,image_0015.jpg,1,0.0250,0,scored,0.650,-2.27,
outlet_47cf0cdd,image_0026.jpg,2,0.0208,0,scored,0.661,-2.05,
outlet_47cf0cdd,image_0019.jpg,3,0.0159,0,scored,0.677,-1.72,
outlet_47cf0cdd,image_0003.jpg,4,0.0130,0,scored,0.688,-1.47,
outlet_47cf0cdd,image_0001.jpg,5,0.0112,0,scored,0.698,-1.28,
outlet_47cf0cdd,image_0008.jpg,6,0.0083,0,scored,0.717,-0.88,
outlet_47cf0cdd,image_0017.jpg,7,0.0079,0,scored,0.720,-0.82,
outlet_47cf0cdd,image_0013.jpg,8,0.0066,0,scored,0.733,-0.55,
outlet_47cf0cdd,image_0018.jpg,9,0.0064,0,scored,0.735,-0.50,
outlet_47cf0cdd,image_0025.jpg,10,0.0057,0,scored,0.743,-0.34,
outlet_47cf0cdd,image_0010.jpg,11,0.0055,0,scored,0.745,-0.29,
outlet_47cf0cdd,image_0005.jpg,12,0.0045,0,scored,0.759,0.00,
outlet_47cf0cdd,image_0004.jpg,13,0.0043,0,scored,0.761,0.03,
outlet_47cf0cdd,image_0027.jpg,14,0.0038,0,scored,0.769,0.21,
outlet_47cf0cdd,image_0023.jpg,15,0.0038,0,scored,0.769,0.21,
outlet_47cf0cdd,image_0024.jpg,16,0.0037,0,scored,0.770,0.23,
outlet_47cf0cdd,image_0002.jpg,17,0.0037,0,scored,0.771,0.25,
outlet_47cf0cdd,image_0006.jpg,18,0.0034,0,scored,0.776,0.35,
outlet_47cf0cdd,image_0022.jpg,19,0.0028,0,scored,0.787,0.58,
outlet_47cf0cdd,image_0020.jpg,20,0.0028,0,scored,0.788,0.59,
outlet_47cf0cdd,image_0011.jpg,21,0.0026,0,scored,0.792,0.67,
outlet_47cf0cdd,image_0009.jpg,22,0.0026,0,scored,0.792,0.69,
outlet_47cf0cdd,image_0021.jpg,23,0.0022,0,scored,0.800,0.86,
outlet_47cf0cdd,image_0012.jpg,24,0.0017,0,scored,0.816,1.19,
outlet_47cf0cdd,image_0014.jpg,25,0.0012,0,scored,0.831,1.49,
outlet_47cf0cdd,image_0007.jpg,26,0.0000,0,scored,0.631,-2.68,
outlet_47cf0cdd,image_0016.jpg,27,0.0000,0,scored,0.633,-2.63,
outlet_486748c6,image_0002.jpg,1,0.8941,1,scored,0.055,-9.44,"Median similarity to peers 0.05 vs folder median 0.32 (modified z = -9.4; absolute floor 0.27). Scene reads as 'closed shutter' while 3/4 peers read as 'shop interior'. No readable signage text, while peers show 'করা | বিক্রয় | সুলভ :'. No geometric match to nearest peers (max 6 SIFT inliers)."
outlet_486748c6,image_0003.jpg,2,0.8853,1,scored,0.068,-8.98,"Median similarity to peers 0.07 vs folder median 0.32 (modified z = -9.0; absolute floor 0.27). Scene reads as 'closed shutter' while 3/4 peers read as 'shop interior'. No readable signage text, while peers show 'করা | বিক্রয় | সুলভ :'. No geometric match to nearest peers (max 6 SIFT inliers)."
outlet_486748c6,image_0005.jpg,3,0.2261,0,scored,0.324,0.00,
outlet_486748c6,image_0001.jpg,4,0.2228,0,scored,0.330,0.22,
outlet_486748c6,image_0004.jpg,5,0.2206,0,scored,0.343,0.67,
outlet_4a66821b,image_0007.jpg,1,0.0046,0,scored,0.757,-1.78,
outlet_4a66821b,image_0004.jpg,2,0.0040,0,scored,0.766,-1.40,
outlet_4a66821b,image_0005.jpg,3,0.0029,0,scored,0.786,-0.60,
outlet_4a66821b,image_0008.jpg,4,0.0027,0,scored,0.789,-0.45,
outlet_4a66821b,image_0003.jpg,5,0.0023,0,scored,0.799,-0.04,
outlet_4a66821b,image_0001.jpg,6,0.0022,0,scored,0.801,0.04,
outlet_4a66821b,image_0006.jpg,7,0.0019,0,scored,0.810,0.39,
outlet_4a66821b,image_0011.jpg,8,0.0019,0,scored,0.810,0.39,
outlet_4a66821b,image_0002.jpg,9,0.0016,0,scored,0.819,0.75,
outlet_4a66821b,image_0010.jpg,10,0.0013,0,scored,0.828,1.11,
outlet_4a66821b,image_0009.jpg,11,0.0011,0,scored,0.836,1.45,
outlet_4a66821b,image_0012.jpg,12,0.0000,0,scored,0.721,-3.26,
outlet_4ba8e6fb,image_0007.jpg,1,0.3000,1,duplicate,nan,nan,Identical copy of image_0006.jpg (content hash match); duplicate submission adds no new evidence of a visit.
outlet_4ba8e6fb,image_0002.jpg,2,0.1294,0,scored,0.463,-2.45,
outlet_4ba8e6fb,image_0004_1.jpg,3,0.0804,0,scored,0.541,-1.28,
outlet_4ba8e6fb,image_0001.jpg,4,0.0717,0,scored,0.560,-0.99,
outlet_4ba8e6fb,image_0001_1.jpg,5,0.0646,0,scored,0.575,-0.76,
outlet_4ba8e6fb,image_0002_1.jpg,6,0.0501,0,scored,0.602,-0.36,
outlet_4ba8e6fb,image_0003_1.jpg,7,0.0453,0,scored,0.611,-0.24,
outlet_4ba8e6fb,image_0010.jpg,8,0.0365,0,scored,0.627,0.00,
outlet_4ba8e6fb,image_0003.jpg,9,0.0336,0,scored,0.632,0.08,
outlet_4ba8e6fb,image_0004.jpg,10,0.0332,0,scored,0.633,0.09,
outlet_4ba8e6fb,image_0009.jpg,11,0.0181,0,scored,0.669,0.64,
outlet_4ba8e6fb,image_0008.jpg,12,0.0173,0,scored,0.672,0.67,
outlet_4ba8e6fb,image_0006.jpg,13,0.0065,0,scored,0.734,1.60,
outlet_4ba8e6fb,image_0005.jpg,14,0.0057,0,scored,0.743,1.74,
outlet_4bbeb21b,image_0009.jpg,1,0.3000,1,duplicate,nan,nan,Identical copy of image_0008.jpg (content hash match); duplicate submission adds no new evidence of a visit.
outlet_4bbeb21b,image_0014.jpg,2,0.3000,1,duplicate,nan,nan,Identical copy of image_0013.jpg (content hash match); duplicate submission adds no new evidence of a visit.
outlet_4bbeb21b,image_0016.jpg,3,0.0052,0,scored,0.748,-0.75,
outlet_4bbeb21b,image_0011.jpg,4,0.0050,0,scored,0.751,-0.67,
outlet_4bbeb21b,image_0002.jpg,5,0.0044,0,scored,0.759,-0.47,
outlet_4bbeb21b,image_0005.jpg,6,0.0035,0,scored,0.775,-0.07,
outlet_4bbeb21b,image_0004.jpg,7,0.0033,0,scored,0.777,0.00,
outlet_4bbeb21b,image_0015.jpg,8,0.0028,0,scored,0.787,0.25,
outlet_4bbeb21b,image_0013.jpg,9,0.0027,0,scored,0.790,0.33,
outlet_4bbeb21b,image_0001.jpg,10,0.0026,0,scored,0.792,0.37,
outlet_4bbeb21b,image_0019.jpg,11,0.0025,0,scored,0.795,0.45,
outlet_4bbeb21b,image_0007.jpg,12,0.0022,0,scored,0.801,0.62,
outlet_4bbeb21b,image_0017.jpg,13,0.0022,0,scored,0.802,0.63,
outlet_4bbeb21b,image_0010.jpg,14,0.0017,0,scored,0.814,0.96,
outlet_4bbeb21b,image_0008.jpg,15,0.0015,0,scored,0.820,1.10,
outlet_4bbeb21b,image_0012.jpg,16,0.0012,0,scored,0.833,1.43,
outlet_4bbeb21b,image_0003.jpg,17,0.0002,0,scored,0.635,-3.68,
outlet_4bbeb21b,image_0020.jpg,18,0.0002,0,scored,0.607,-4.42,
outlet_4bbeb21b,image_0006.jpg,19,0.0001,0,scored,0.566,-5.48,
outlet_4bbeb21b,image_0018.jpg,20,0.0000,0,scored,0.645,-3.44,
outlet_4bbeb21b,image_0021.jpg,21,0.0000,0,scored,0.584,-5.01,
outlet_4eaf2e47,image_0006.jpg,1,0.3798,0,scored,0.185,-0.99,
outlet_4eaf2e47,image_0001_2.jpg,2,0.3406,0,scored,0.227,-0.67,
outlet_4eaf2e47,image_0001_1.jpg,3,0.3332,0,scored,0.243,-0.55,
outlet_4eaf2e47,image_0002.jpg,4,0.2526,0,scored,0.299,-0.12,
outlet_4eaf2e47,image_0001_1_1.jpg,5,0.2325,0,scored,0.316,0.00,
outlet_4eaf2e47,image_0005.jpg,6,0.2206,0,scored,0.343,0.21,
outlet_4eaf2e47,image_0003.jpg,7,0.1676,0,scored,0.431,0.88,
outlet_4eaf2e47,image_0004.jpg,8,0.1237,0,scored,0.470,1.17,
outlet_4eaf2e47,image_0001.jpg,9,0.0998,0,scored,0.505,1.43,
outlet_5234b92a,image_0009.jpg,1,0.0119,0,scored,0.694,-1.69,
outlet_5234b92a,image_0005.jpg,2,0.0056,0,scored,0.744,-0.57,
outlet_5234b92a,image_0002.jpg,3,0.0049,0,scored,0.481,-6.44,
outlet_5234b92a,image_0011.jpg,4,0.0046,0,scored,0.757,-0.29,
outlet_5234b92a,image_0016.jpg,5,0.0042,0,scored,0.763,-0.15,
outlet_5234b92a,image_0010.jpg,6,0.0041,0,scored,0.765,-0.11,
outlet_5234b92a,image_0002_1.jpg,7,0.0036,0,scored,0.296,-10.55,
outlet_5234b92a,image_0006.jpg,8,0.0035,0,scored,0.774,0.11,
outlet_5234b92a,image_0003.jpg,9,0.0035,0,scored,0.774,0.11,
outlet_5234b92a,image_0012.jpg,10,0.0035,0,scored,0.775,0.12,
outlet_5234b92a,image_0014.jpg,11,0.0027,0,scored,0.790,0.45,
outlet_5234b92a,image_0004.jpg,12,0.0027,0,scored,0.790,0.46,
outlet_5234b92a,image_0018.jpg,13,0.0026,0,scored,0.791,0.47,
outlet_5234b92a,image_0013.jpg,14,0.0023,0,scored,0.799,0.66,
outlet_5234b92a,image_0015.jpg,15,0.0022,0,scored,0.800,0.69,
outlet_5234b92a,image_0017.jpg,16,0.0022,0,scored,0.800,0.69,
outlet_5234b92a,image_0007.jpg,17,0.0016,0,scored,0.817,1.07,
outlet_5234b92a,image_0001.jpg,18,0.0013,0,scored,0.618,-3.37,
outlet_5234b92a,image_0008.jpg,19,0.0008,0,scored,0.852,1.84,
outlet_5234b92a,image_0001_1.jpg,20,0.0003,0,scored,0.257,-11.43,
outlet_5234b92a,image_0004_1.jpg,21,0.0000,0,scored,0.201,-12.68,
outlet_5234b92a,image_0003_1.jpg,22,0.0000,0,scored,0.241,-11.78,
outlet_539b60a1,image_0004.jpg,1,0.0195,0,scored,0.665,-2.34,
outlet_539b60a1,image_0005.jpg,2,0.0167,0,scored,0.405,-7.46,
outlet_539b60a1,image_0003.jpg,3,0.0098,0,scored,0.706,-1.54,
outlet_539b60a1,image_0006.jpg,4,0.0094,0,scored,0.709,-1.47,
outlet_539b60a1,image_0010.jpg,5,0.0045,0,scored,0.759,-0.49,
outlet_539b60a1,image_0002.jpg,6,0.0035,0,scored,0.774,-0.19,
outlet_539b60a1,image_0008.jpg,7,0.0025,0,scored,0.793,0.19,
outlet_539b60a1,image_0011.jpg,8,0.0022,0,scored,0.802,0.36,
outlet_539b60a1,image_0001.jpg,9,0.0017,0,scored,0.815,0.61,
outlet_539b60a1,image_0012.jpg,10,0.0016,0,scored,0.817,0.66,
outlet_539b60a1,image_0007.jpg,11,0.0016,0,scored,0.819,0.69,
outlet_539b60a1,image_0009.jpg,12,0.0016,0,scored,0.819,0.69,
outlet_53ea491f,image_0004.jpg,1,0.1328,0,scored,0.459,-2.24,
outlet_53ea491f,image_0002.jpg,2,0.1182,0,scored,0.477,-2.01,
outlet_53ea491f,image_0011.jpg,3,0.0967,0,scored,0.510,-1.59,
outlet_53ea491f,image_0007.jpg,4,0.0521,0,scored,0.599,-0.44,
outlet_53ea491f,image_0006.jpg,5,0.0516,0,scored,0.600,-0.43,
outlet_53ea491f,image_0003.jpg,6,0.0354,0,scored,0.629,-0.06,
outlet_53ea491f,image_0005.jpg,7,0.0331,0,scored,0.633,0.00,
outlet_53ea491f,image_0009.jpg,8,0.0170,0,scored,0.672,0.51,
outlet_53ea491f,image_0013.jpg,9,0.0159,0,scored,0.676,0.56,
outlet_53ea491f,image_0008.jpg,10,0.0137,0,scored,0.685,0.67,
outlet_53ea491f,image_0010.jpg,11,0.0101,0,scored,0.704,0.92,
outlet_53ea491f,image_0001.jpg,12,0.0085,0,scored,0.716,1.06,
outlet_53ea491f,image_0012.jpg,13,0.0060,0,scored,0.740,1.38,
outlet_5be5b163,image_0002.jpg,1,0.0393,0,scored,0.622,-0.66,
outlet_5be5b163,image_0006.jpg,2,0.0277,0,scored,0.644,0.00,
outlet_5be5b163,image_0001.jpg,3,0.0257,0,scored,0.649,0.13,
outlet_5be5b163,image_0004.jpg,4,0.0186,0,scored,0.667,0.67,
outlet_5be5b163,image_0005.jpg,5,0.0079,0,scored,0.721,2.22,
outlet_5be5b163,image_0003.jpg,6,0.0005,0,scored,0.534,-3.21,
outlet_5be5b163,image_0007.jpg,7,0.0000,0,scored,0.514,-3.77,
outlet_5c8120ae,image_0006.jpg,1,0.3000,1,duplicate,nan,nan,Identical copy of image_0005.jpg (content hash match); duplicate submission adds no new evidence of a visit.
outlet_5c8120ae,image_0007.jpg,2,0.0818,0,scored,0.538,-2.39,
outlet_5c8120ae,image_0014.jpg,3,0.0758,0,scored,0.551,-2.17,
outlet_5c8120ae,image_0013.jpg,4,0.0683,0,scored,0.568,-1.90,
outlet_5c8120ae,image_0010.jpg,5,0.0681,0,scored,0.568,-1.89,
outlet_5c8120ae,image_0012.jpg,6,0.0269,0,scored,0.646,-0.58,
outlet_5c8120ae,image_0003.jpg,7,0.0151,0,scored,0.679,-0.02,
outlet_5c8120ae,image_0004.jpg,8,0.0151,0,scored,0.679,-0.02,
outlet_5c8120ae,image_0005.jpg,9,0.0146,0,scored,0.682,0.02,
outlet_5c8120ae,image_0011.jpg,10,0.0122,0,scored,0.692,0.19,
outlet_5c8120ae,image_0002.jpg,11,0.0114,0,scored,0.696,0.26,
outlet_5c8120ae,image_0009.jpg,12,0.0085,0,scored,0.715,0.59,
outlet_5c8120ae,image_0008.jpg,13,0.0073,0,scored,0.726,0.76,
outlet_5c8120ae,image_0015.jpg,14,0.0066,0,scored,0.732,0.87,
outlet_5c8120ae,image_0001.jpg,15,0.0064,0,scored,0.735,0.91,
outlet_5d690cb1,image_0001.jpg,1,0.6894,1,scored,0.304,-3.19,Median similarity to peers 0.30 vs folder median 0.47 (modified z = -3.2; absolute floor 0.27). Scene reads as 'storefront' while 7/10 peers read as 'closed shutter'. Signage text 'বিকশ | করন | ডিপিএস' shares 0/16 tokens with outlet signage ('মানি | দেশের | ০১৩২৫-৪৮৩৬১৩'). No geometric match to nearest peers (max 9 SIFT inliers).
outlet_5d690cb1,image_0003.jpg,2,0.1601,0,scored,0.436,-0.67,
outlet_5d690cb1,image_0005.jpg,3,0.1394,0,scored,0.453,-0.36,
outlet_5d690cb1,image_0004.jpg,4,0.1389,0,scored,0.453,-0.35,
outlet_5d690cb1,image_0006.jpg,5,0.1233,0,scored,0.470,-0.02,
outlet_5d690cb1,image_0008.jpg,6,0.1223,0,scored,0.472,0.00,
outlet_5d690cb1,image_0011.jpg,7,0.1135,0,scored,0.484,0.23,
outlet_5d690cb1,image_0009.jpg,8,0.0961,0,scored,0.511,0.75,
outlet_5d690cb1,image_0010.jpg,9,0.0872,0,scored,0.527,1.06,
outlet_5d690cb1,image_0002.jpg,10,0.0864,0,scored,0.529,1.09,
outlet_5d690cb1,image_0007.jpg,11,0.0665,0,scored,0.571,1.89,
outlet_5edce88b,image_0009.jpg,1,0.5329,1,scored,0.245,-4.70,Median similarity to peers 0.25 vs folder median 0.47 (modified z = -4.7; absolute floor 0.27). Same scene type as peers ('restaurant') but not the same place. Signage text 'উঠনি | উঠনি রেস্টুরেন্ট | ৫০৫' shares 1/4 tokens with outlet signage ('নিউ | উঠন রেস্টুরেন্ট | ওয়াচ'). No geometric match to nearest peers (max 24 SIFT inliers).
outlet_5edce88b,image_0008.jpg,2,0.2870,0,scored,0.242,-4.76,
outlet_5edce88b,image_0002.jpg,3,0.2270,0,scored,0.384,-1.84,
outlet_5edce88b,image_0003.jpg,4,0.1546,0,scored,0.440,-0.68,
outlet_5edce88b,image_0007.jpg,5,0.1315,0,scored,0.461,-0.26,
outlet_5edce88b,image_0001.jpg,6,0.1121,0,scored,0.486,0.26,
outlet_5edce88b,image_0005.jpg,7,0.1117,0,scored,0.486,0.27,
outlet_5edce88b,image_0010.jpg,8,0.1000,0,scored,0.504,0.64,
outlet_5edce88b,image_0004.jpg,9,0.0993,0,scored,0.506,0.67,
outlet_5edce88b,image_0006.jpg,10,0.0976,0,scored,0.508,0.73,
outlet_5fb892d3,image_0004.jpg,1,0.3866,0,scored,0.182,-2.18,
outlet_5fb892d3,image_0003.jpg,2,0.2260,0,scored,0.387,-0.87,
outlet_5fb892d3,image_0001.jpg,3,0.0893,0,scored,0.523,0.00,
outlet_5fb892d3,image_0002.jpg,4,0.0400,0,scored,0.620,0.62,
outlet_5fb892d3,image_0005.jpg,5,0.0354,0,scored,0.629,0.67,
outlet_6087824b,image_0015.jpg,1,0.3602,1,scored,0.477,-11.89,Median similarity to peers 0.48 vs folder median 0.84 (modified z = -11.9; absolute floor 0.27). Scene reads as 'closed shutter' while 10/14 peers read as 'storefront'. Signage text 'Faziul | IIIIIII' shares 0/2 tokens with outlet signage ('আপনজন | আপনজন | আপনজন'). No geometric match to nearest peers (max 4 SIFT inliers).
outlet_6087824b,image_0005.jpg,2,0.0082,0,scored,0.612,-7.49,
outlet_6087824b,image_0011.jpg,3,0.0016,0,scored,0.817,-0.80,
outlet_6087824b,image_0001.jpg,4,0.0011,0,scored,0.838,-0.11,
outlet_6087824b,image_0014.jpg,5,0.0010,0,scored,0.842,0.00,
outlet_6087824b,image_0009.jpg,6,0.0009,0,scored,0.849,0.22,
outlet_6087824b,image_0007.jpg,7,0.0008,0,scored,0.849,0.24,
outlet_6087824b,image_0004.jpg,8,0.0008,0,scored,0.853,0.37,
outlet_6087824b,image_0012.jpg,9,0.0007,0,scored,0.856,0.46,
outlet_6087824b,image_0002.jpg,10,0.0007,0,scored,0.860,0.59,
outlet_6087824b,image_0008.jpg,11,0.0006,0,scored,0.863,0.67,
outlet_6087824b,image_0003.jpg,12,0.0005,0,scored,0.867,0.82,
outlet_6087824b,image_0006.jpg,13,0.0002,0,scored,0.754,-2.85,
outlet_6087824b,image_0010.jpg,14,0.0001,0,scored,0.726,-3.79,
outlet_6087824b,image_0013.jpg,15,0.0001,0,scored,0.664,-5.80,
outlet_612f8240,image_0002_1.jpg,1,0.5480,1,scored,0.326,-8.81,Median similarity to peers 0.33 vs folder median 0.80 (modified z = -8.8; absolute floor 0.27). Same scene type as peers ('closed shutter') but not the same place. Signage text 'ওমর | সদর | ফারুক সড়ক' shares 0/14 tokens with outlet signage ('IBNSINA | সেন্টার | IBNSINA'). No geometric match to nearest peers (max 12 SIFT inliers).
outlet_612f8240,image_0001_1.jpg,2,0.2907,0,scored,0.235,-10.49,
outlet_612f8240,image_0013.jpg,3,0.0159,0,scored,0.677,-2.35,
outlet_612f8240,image_0005.jpg,4,0.0151,0,scored,0.679,-2.30,
outlet_612f8240,image_0014.jpg,5,0.0049,0,scored,0.753,-0.93,
outlet_612f8240,image_0004.jpg,6,0.0045,0,scored,0.759,-0.84,
outlet_612f8240,image_0010.jpg,7,0.0037,0,scored,0.771,-0.62,
outlet_612f8240,image_0001.jpg,8,0.0031,0,scored,0.782,-0.41,
outlet_612f8240,image_0007.jpg,9,0.0029,0,scored,0.785,-0.35,
outlet_612f8240,image_0017.jpg,10,0.0021,0,scored,0.804,0.00,
outlet_612f8240,image_0016.jpg,11,0.0017,0,scored,0.816,0.22,
outlet_612f8240,image_0011.jpg,12,0.0015,0,scored,0.822,0.32,
outlet_612f8240,image_0012.jpg,13,0.0012,0,scored,0.831,0.50,
outlet_612f8240,image_0006.jpg,14,0.0011,0,scored,0.836,0.59,
outlet_612f8240,image_0008.jpg,15,0.0010,0,scored,0.839,0.65,
outlet_612f8240,image_0015.jpg,16,0.0010,0,scored,0.841,0.67,
outlet_612f8240,image_0003.jpg,17,0.0008,0,scored,0.850,0.85,
outlet_612f8240,image_0002.jpg,18,0.0008,0,scored,0.851,0.87,
outlet_612f8240,image_0009.jpg,19,0.0007,0,scored,0.859,1.00,
outlet_63a4bb52,image_0006.jpg,1,0.1016,0,scored,0.502,-1.46,
outlet_63a4bb52,image_0013.jpg,2,0.0508,0,scored,0.601,-0.51,
outlet_63a4bb52,image_0005.jpg,3,0.0271,0,scored,0.645,-0.08,
outlet_63a4bb52,image_0003.jpg,4,0.0236,0,scored,0.654,0.00,
outlet_63a4bb52,image_0011.jpg,5,0.0109,0,scored,0.699,0.44,
outlet_63a4bb52,image_0007.jpg,6,0.0104,0,scored,0.702,0.47,
outlet_63a4bb52,image_0001.jpg,7,0.0087,0,scored,0.714,0.58,
outlet_63a4bb52,image_0010.jpg,8,0.0075,0,scored,0.724,0.67,
outlet_63a4bb52,image_0012.jpg,9,0.0073,0,scored,0.726,0.69,
outlet_63a4bb52,image_0008.jpg,10,0.0051,0,scored,0.750,0.93,
outlet_63a4bb52,image_0009.jpg,11,0.0001,0,scored,0.236,-4.02,
outlet_63a4bb52,image_0002.jpg,12,0.0001,0,scored,0.250,-3.89,
outlet_63a4bb52,image_0004.jpg,13,0.0000,0,scored,0.335,-3.07,
outlet_647a174b,image_0005.jpg,1,0.0175,0,scored,0.546,-10.14,
outlet_647a174b,image_0004.jpg,2,0.0027,0,scored,0.790,-0.20,
outlet_647a174b,image_0002.jpg,3,0.0025,0,scored,0.794,0.00,
outlet_647a174b,image_0007.jpg,4,0.0022,0,scored,0.801,0.28,
outlet_647a174b,image_0008.jpg,5,0.0020,0,scored,0.806,0.45,
outlet_647a174b,image_0006.jpg,6,0.0018,0,scored,0.811,0.67,
outlet_647a174b,image_0003.jpg,7,0.0014,0,scored,0.826,1.29,
outlet_647a174b,image_0009.jpg,8,0.0000,0,scored,0.711,-3.39,
outlet_647a174b,image_0001.jpg,9,0.0000,0,scored,0.708,-3.52,
outlet_648ccd9a,image_0002_1.jpg,1,0.7821,1,scored,0.213,-3.32,Median similarity to peers 0.21 vs folder median 0.56 (modified z = -3.3; absolute floor 0.27). Same scene type as peers ('shop interior') but not the same place. Signage text '১৪৯০ | সিম | 00' shares 0/9 tokens with outlet signage ('101011 | 401275 | com'). No geometric match to nearest peers (max 9 SIFT inliers).
outlet_648ccd9a,image_0003_1.jpg,2,0.7257,1,scored,0.260,-2.87,"Median similarity to peers 0.26 vs folder median 0.56 (modified z = -2.9; absolute floor 0.27). Scene reads as 'street scene' while 6/11 peers read as 'shop interior'. Signage text 'ঝগদ | সবিল | ১৪,৯০' shares 0/4 tokens with outlet signage ('101011 | 401275 | com'). No geometric match to nearest peers (max 10 SIFT inliers)."
outlet_648ccd9a,image_0001_1.jpg,3,0.2446,0,scored,0.305,-2.44,
outlet_648ccd9a,image_0008.jpg,4,0.1094,0,scored,0.490,-0.66,
outlet_648ccd9a,image_0005.jpg,5,0.1093,0,scored,0.490,-0.66,
outlet_648ccd9a,image_0004.jpg,6,0.0857,0,scored,0.530,-0.27,
outlet_648ccd9a,image_0009.jpg,7,0.0585,0,scored,0.587,0.27,
outlet_648ccd9a,image_0002.jpg,8,0.0372,0,scored,0.625,0.64,
outlet_648ccd9a,image_0006.jpg,9,0.0372,0,scored,0.625,0.64,
outlet_648ccd9a,image_0003.jpg,10,0.0347,0,scored,0.630,0.68,
outlet_648ccd9a,image_0001.jpg,11,0.0276,0,scored,0.644,0.82,
outlet_648ccd9a,image_0007.jpg,12,0.0267,0,scored,0.646,0.84,
outlet_66dff2a1,image_0001_1.jpg,1,0.7641,1,scored,0.276,-7.14,Median similarity to peers 0.28 vs folder median 0.70 (modified z = -7.1; absolute floor 0.27). Same scene type as peers ('storefront') but not the same place. Signage text 'Spoken English] | 50% | রোড' shares 0/22 tokens with outlet signage ('pepsi | আউট | ডাবল'). No geometric match to nearest peers (max 8 SIFT inliers).
outlet_66dff2a1,image_0017.jpg,2,0.0705,0,scored,0.563,-2.36,
outlet_66dff2a1,image_0016.jpg,3,0.0316,0,scored,0.636,-1.15,
outlet_66dff2a1,image_0008.jpg,4,0.0304,0,scored,0.638,-1.11,
outlet_66dff2a1,image_0002.jpg,5,0.0218,0,scored,0.658,-0.77,
outlet_66dff2a1,image_0004.jpg,6,0.0146,0,scored,0.682,-0.39,
outlet_66dff2a1,image_0014.jpg,7,0.0119,0,scored,0.694,-0.19,
outlet_66dff2a1,image_0003.jpg,8,0.0084,0,scored,0.716,0.19,
outlet_66dff2a1,image_0011.jpg,9,0.0083,0,scored,0.717,0.20,
outlet_66dff2a1,image_0009.jpg,10,0.0079,0,scored,0.720,0.25,
outlet_66dff2a1,image_0012.jpg,11,0.0074,0,scored,0.725,0.34,
outlet_66dff2a1,image_0010.jpg,12,0.0066,0,scored,0.733,0.47,
outlet_66dff2a1,image_0005.jpg,13,0.0064,0,scored,0.735,0.51,
outlet_66dff2a1,image_0006.jpg,14,0.0055,0,scored,0.745,0.67,
outlet_66dff2a1,image_0001.jpg,15,0.0055,0,scored,0.745,0.68,
outlet_66dff2a1,image_0007.jpg,16,0.0046,0,scored,0.757,0.87,
outlet_66dff2a1,image_0015.jpg,17,0.0009,0,scored,0.458,-4.10,
outlet_66dff2a1,image_0013.jpg,18,0.0003,0,scored,0.424,-4.68,
outlet_680cfd33,image_0001.jpg,1,0.9320,1,scored,-0.005,-4.42,Median similarity to peers -0.01 vs folder median 0.31 (modified z = -4.4; absolute floor 0.27). Scene reads as 'poster close-up' while 7/11 peers read as 'closed shutter'. Signage text 'বিকাশ বা ব্যাংকের অ্যাপ দিয়ে | 2 5 0 | পেমেন্ট করুন' shares 0/10 tokens with outlet signage ('01720832999 | শাঃ আবুল কালাম আজাদ | 62'). No geometric match to nearest peers (max 0 SIFT inliers).
outlet_680cfd33,image_0001_1.jpg,2,0.3388,0,scored,0.232,-1.08,
outlet_680cfd33,image_0006.jpg,3,0.3308,0,scored,0.247,-0.88,
outlet_680cfd33,image_0004_1.jpg,4,0.2945,0,scored,0.275,-0.48,
outlet_680cfd33,image_0007.jpg,5,0.2545,0,scored,0.298,-0.15,
outlet_680cfd33,image_0003_1.jpg,6,0.2397,0,scored,0.309,0.00,
outlet_680cfd33,image_0004.jpg,7,0.2397,0,scored,0.309,0.00,
outlet_680cfd33,image_0003.jpg,8,0.2323,0,scored,0.316,0.10,
outlet_680cfd33,image_0002.jpg,9,0.2256,0,scored,0.364,0.78,
outlet_680cfd33,image_0008.jpg,10,0.2214,0,scored,0.350,0.57,
outlet_680cfd33,image_0002_1.jpg,11,0.1599,0,scored,0.436,1.79,
outlet_680cfd33,image_0005.jpg,12,0.0895,0,scored,0.523,3.01,
outlet_68bc17a7,image_0009.jpg,1,0.3000,1,duplicate,nan,nan,Identical copy of image_0008.jpg (content hash match); duplicate submission adds no new evidence of a visit.
outlet_68bc17a7,image_0021.jpg,2,0.0083,0,scored,0.717,-2.45,
outlet_68bc17a7,image_0029.jpg,3,0.0054,0,scored,0.747,-1.43,
outlet_68bc17a7,image_0001.jpg,4,0.0050,0,scored,0.751,-1.30,
outlet_68bc17a7,image_0016.jpg,5,0.0044,0,scored,0.760,-1.01,
outlet_68bc17a7,image_0026.jpg,6,0.0040,0,scored,0.765,-0.82,
outlet_68bc17a7,image_0014.jpg,7,0.0039,0,scored,0.767,-0.75,
outlet_68bc17a7,image_0005.jpg,8,0.0038,0,scored,0.769,-0.70,
outlet_68bc17a7,image_0004.jpg,9,0.0038,0,scored,0.770,-0.67,
outlet_68bc17a7,image_0030.jpg,10,0.0031,0,scored,0.782,-0.25,
outlet_68bc17a7,image_0027.jpg,11,0.0030,0,scored,0.783,-0.22,
outlet_68bc17a7,image_0019.jpg,12,0.0028,0,scored,0.787,-0.07,
outlet_68bc17a7,image_0010.jpg,13,0.0028,0,scored,0.788,-0.05,
outlet_68bc17a7,image_0017.jpg,14,0.0027,0,scored,0.790,0.00,
outlet_68bc17a7,image_0002.jpg,15,0.0026,0,scored,0.793,0.10,
outlet_68bc17a7,image_0028.jpg,16,0.0025,0,scored,0.794,0.13,
outlet_68bc17a7,image_0012.jpg,17,0.0025,0,scored,0.794,0.15,
outlet_68bc17a7,image_0006.jpg,18,0.0025,0,scored,0.795,0.17,
outlet_68bc17a7,image_0008.jpg,19,0.0024,0,scored,0.797,0.25,
outlet_68bc17a7,image_0015.jpg,20,0.0023,0,scored,0.798,0.28,
outlet_68bc17a7,image_0023.jpg,21,0.0023,0,scored,0.798,0.28,
outlet_68bc17a7,image_0013.jpg,22,0.0023,0,scored,0.800,0.34,
outlet_68bc17a7,image_0011.jpg,23,0.0021,0,scored,0.804,0.48,
outlet_68bc17a7,image_0003.jpg,24,0.0015,0,scored,0.823,1.13,
outlet_68bc17a7,image_0020.jpg,25,0.0014,0,scored,0.825,1.17,
outlet_68bc17a7,image_0022.jpg,26,0.0013,0,scored,0.829,1.34,
outlet_68bc17a7,image_0025.jpg,27,0.0010,0,scored,0.843,1.80,
outlet_68bc17a7,image_0007.jpg,28,0.0008,0,scored,0.850,2.04,
outlet_68bc17a7,image_0024.jpg,29,0.0001,0,scored,0.476,-10.54,
outlet_68bc17a7,image_0018.jpg,30,0.0000,0,scored,0.502,-9.69,
outlet_6aa59f2b,image_0009.jpg,1,0.3442,0,scored,0.217,-1.96,
outlet_6aa59f2b,image_0003_1.jpg,2,0.3389,0,scored,0.232,-1.82,
outlet_6aa59f2b,image_0027.jpg,3,0.3218,0,scored,0.256,-1.59,
outlet_6aa59f2b,image_0028.jpg,4,0.3218,1,duplicate,nan,nan,Identical copy of image_0027.jpg (content hash match); duplicate submission adds no new evidence of a visit.
outlet_6aa59f2b,image_0036.jpg,5,0.3125,0,scored,0.263,-1.52,
outlet_6aa59f2b,image_0007.jpg,6,0.3080,0,scored,0.266,-1.49,
outlet_6aa59f2b,image_0013.jpg,7,0.3000,1,duplicate,nan,nan,Identical copy of image_0012.jpg (content hash match); duplicate submission adds no new evidence of a visit.
outlet_6aa59f2b,image_0021.jpg,8,0.3000,1,duplicate,nan,nan,Identical copy of image_0020.jpg (content hash match); duplicate submission adds no new evidence of a visit.
outlet_6aa59f2b,image_0020.jpg,9,0.2908,0,scored,0.277,-1.40,
outlet_6aa59f2b,image_0025.jpg,10,0.2505,0,scored,0.301,-1.17,
outlet_6aa59f2b,image_0023.jpg,11,0.2442,0,scored,0.305,-1.13,
outlet_6aa59f2b,image_0032.jpg,12,0.2356,0,scored,0.312,-1.06,
outlet_6aa59f2b,image_0034.jpg,13,0.2303,0,scored,0.318,-1.01,
outlet_6aa59f2b,image_0035.jpg,14,0.2278,0,scored,0.381,-0.43,
outlet_6aa59f2b,image_0016.jpg,15,0.2277,0,scored,0.373,-0.50,
outlet_6aa59f2b,image_0029.jpg,16,0.2261,0,scored,0.366,-0.57,
outlet_6aa59f2b,image_0002_1.jpg,17,0.2238,0,scored,0.328,-0.92,
outlet_6aa59f2b,image_0015.jpg,18,0.2225,0,scored,0.354,-0.67,
outlet_6aa59f2b,image_0001_1.jpg,19,0.2207,0,scored,0.345,-0.76,
outlet_6aa59f2b,image_0003.jpg,20,0.2206,0,scored,0.342,-0.79,
outlet_6aa59f2b,image_0002.jpg,21,0.1990,0,scored,0.411,-0.14,
outlet_6aa59f2b,image_0004_1.jpg,22,0.1748,0,scored,0.426,0.00,
outlet_6aa59f2b,image_0024.jpg,23,0.1611,0,scored,0.435,0.08,
outlet_6aa59f2b,image_0001.jpg,24,0.1502,0,scored,0.443,0.16,
outlet_6aa59f2b,image_0014.jpg,25,0.1453,0,scored,0.447,0.20,
outlet_6aa59f2b,image_0031.jpg,26,0.1350,0,scored,0.457,0.29,
outlet_6aa59f2b,image_0005.jpg,27,0.1304,0,scored,0.462,0.33,
outlet_6aa59f2b,image_0006.jpg,28,0.1267,0,scored,0.466,0.37,
outlet_6aa59f2b,image_0012.jpg,29,0.1240,0,scored,0.469,0.40,
outlet_6aa59f2b,image_0026.jpg,30,0.1180,0,scored,0.477,0.48,
outlet_6aa59f2b,image_0033.jpg,31,0.1128,0,scored,0.485,0.54,
outlet_6aa59f2b,image_0010.jpg,32,0.1118,0,scored,0.486,0.56,
outlet_6aa59f2b,image_0011.jpg,33,0.1066,0,scored,0.494,0.63,
outlet_6aa59f2b,image_0017.jpg,34,0.1050,0,scored,0.496,0.65,
outlet_6aa59f2b,image_0019.jpg,35,0.1036,0,scored,0.499,0.67,
outlet_6aa59f2b,image_0008.jpg,36,0.0978,0,scored,0.508,0.76,
outlet_6aa59f2b,image_0018.jpg,37,0.0977,0,scored,0.508,0.76,
outlet_6aa59f2b,image_0030.jpg,38,0.0815,0,scored,0.539,1.05,
outlet_6aa59f2b,image_0004.jpg,39,0.0772,0,scored,0.548,1.14,
outlet_6aa59f2b,image_0022.jpg,40,0.0225,0,scored,0.656,2.15,
outlet_6b2080bc,image_0003.jpg,1,0.8739,1,scored,0.097,-7.57,"Median similarity to peers 0.10 vs folder median 0.49 (modified z = -7.6; absolute floor 0.27). Scene reads as 'shop interior' while 2/5 peers read as 'closed shutter'. No readable signage text, while peers show 'হেড | হেড | CHINESE'. No geometric match to nearest peers (max 5 SIFT inliers)."
outlet_6b2080bc,image_0004.jpg,2,0.1484,0,scored,0.445,-0.83,
outlet_6b2080bc,image_0005.jpg,3,0.1310,0,scored,0.461,-0.52,
outlet_6b2080bc,image_0002.jpg,4,0.0939,0,scored,0.515,0.52,
outlet_6b2080bc,image_0006.jpg,5,0.0939,0,scored,0.515,0.52,
outlet_6b2080bc,image_0001.jpg,6,0.0452,0,scored,0.611,2.38,
outlet_6cd2f45a,image_0002.jpg,1,0.8889,1,scored,0.120,-16.60,"Median similarity to peers 0.12 vs folder median 0.88 (modified z = -16.6; absolute floor 0.27). Scene reads as 'shop interior' while 5/5 peers read as 'closed shutter'. No readable signage text, while peers show '01911-543095 | মোবাইল: 01605-034206) | দোয়'. No geometric match to nearest peers (max 5 SIFT inliers)."
outlet_6cd2f45a,image_0003.jpg,2,0.0004,0,scored,0.876,0.00,
outlet_6cd2f45a,image_0004.jpg,3,0.0004,0,scored,0.876,0.00,
outlet_6cd2f45a,image_0005.jpg,4,0.0002,0,scored,0.900,0.52,
outlet_6cd2f45a,image_0006.jpg,5,0.0001,0,scored,0.913,0.82,
outlet_6cd2f45a,image_0001.jpg,6,0.0000,0,scored,0.650,-4.95,
outlet_6df6bcc9,image_0004.jpg,1,0.0773,0,scored,0.548,-0.67,
outlet_6df6bcc9,image_0001.jpg,2,0.0757,0,scored,0.552,-0.62,
outlet_6df6bcc9,image_0003.jpg,3,0.0531,0,scored,0.597,0.00,
outlet_6df6bcc9,image_0005.jpg,4,0.0265,0,scored,0.647,0.68,
outlet_6df6bcc9,image_0002.jpg,5,0.0125,0,scored,0.691,1.28,
outlet_70f9bde3,image_0003.jpg,1,0.0074,0,scored,0.725,0.00,
outlet_70f9bde3,image_0004.jpg,2,0.0074,0,scored,0.725,0.00,
outlet_70f9bde3,image_0002.jpg,3,0.0068,0,scored,0.731,0.08,
outlet_70f9bde3,image_0006.jpg,4,0.0037,0,scored,0.771,0.65,
outlet_70f9bde3,image_0008.jpg,5,0.0035,0,scored,0.774,0.70,
outlet_70f9bde3,image_0001.jpg,6,0.0000,0,scored,0.367,-5.13,
outlet_70f9bde3,image_0007.jpg,7,0.0000,0,scored,0.264,-6.61,
outlet_70f9bde3,image_0005.jpg,8,0.0000,0,scored,0.328,-5.69,
outlet_7109ee18,image_0006.jpg,1,0.0054,0,scored,0.746,-1.98,
outlet_7109ee18,image_0010.jpg,2,0.0054,0,scored,0.747,-1.95,
outlet_7109ee18,image_0015.jpg,3,0.0052,0,scored,0.749,-1.86,
outlet_7109ee18,image_0014.jpg,4,0.0027,0,scored,0.789,-0.46,
outlet_7109ee18,image_0009.jpg,5,0.0026,0,scored,0.792,-0.35,
outlet_7109ee18,image_0016.jpg,6,0.0026,0,scored,0.792,-0.34,
outlet_7109ee18,image_0002.jpg,7,0.0024,0,scored,0.795,-0.23,
outlet_7109ee18,image_0017.jpg,8,0.0024,0,scored,0.797,-0.16,
outlet_7109ee18,image_0012.jpg,9,0.0022,0,scored,0.800,-0.06,
outlet_7109ee18,image_0013.jpg,10,0.0021,0,scored,0.803,0.06,
outlet_7109ee18,image_0011.jpg,11,0.0018,0,scored,0.811,0.33,
outlet_7109ee18,image_0004.jpg,12,0.0015,0,scored,0.820,0.67,
outlet_7109ee18,image_0005.jpg,13,0.0015,0,scored,0.820,0.67,
outlet_7109ee18,image_0003.jpg,14,0.0013,0,scored,0.829,0.96,
outlet_7109ee18,image_0001.jpg,15,0.0011,0,scored,0.837,1.27,
outlet_7109ee18,image_0008.jpg,16,0.0011,0,scored,0.839,1.34,
outlet_7109ee18,image_0018.jpg,17,0.0009,0,scored,0.845,1.55,
outlet_7109ee18,image_0007.jpg,18,0.0008,0,scored,0.850,1.73,
outlet_731b30e0,image_0003.jpg,1,0.1597,0,scored,0.436,-1.32,
outlet_731b30e0,image_0006.jpg,2,0.1337,0,scored,0.458,-0.75,
outlet_731b30e0,image_0004.jpg,3,0.1173,0,scored,0.478,-0.24,
outlet_731b30e0,image_0001.jpg,4,0.1044,0,scored,0.497,0.24,
outlet_731b30e0,image_0002.jpg,5,0.0961,0,scored,0.511,0.60,
outlet_731b30e0,image_0005.jpg,6,0.0421,0,scored,0.616,3.30,
outlet_74d4383f,image_0004.jpg,1,0.2240,0,scored,0.327,-1.68,
outlet_74d4383f,image_0001.jpg,2,0.1225,0,scored,0.471,-0.71,
outlet_74d4383f,image_0002.jpg,3,0.0652,0,scored,0.574,-0.02,
outlet_74d4383f,image_0005.jpg,4,0.0637,0,scored,0.577,0.00,
outlet_74d4383f,image_0006.jpg,5,0.0570,0,scored,0.590,0.09,
outlet_74d4383f,image_0003.jpg,6,0.0157,0,scored,0.677,0.67,
outlet_74d4383f,image_0007.jpg,7,0.0119,0,scored,0.694,0.78,
outlet_76e418b9,image_0002.jpg,1,0.6823,1,scored,0.164,-3.17,Median similarity to peers 0.16 vs folder median 0.50 (modified z = -3.2; absolute floor 0.27). Scene reads as 'closed shutter' while 7/13 peers read as 'storefront'. Signage text 'ক্যাশ | ১০৯৫ | বিকাশ' shares 6/15 tokens with outlet signage ('বিকাশ | হাজার | হাজাবে'). No geometric match to nearest peers (max 21 SIFT inliers).
outlet_76e418b9,image_0001_1.jpg,2,0.2415,0,scored,0.307,-1.82,
outlet_76e418b9,image_0002_1.jpg,3,0.2215,0,scored,0.334,-1.57,
outlet_76e418b9,image_0012.jpg,4,0.2209,0,scored,0.347,-1.45,
outlet_76e418b9,image_0011.jpg,5,0.1737,0,scored,0.427,-0.70,
outlet_76e418b9,image_0003.jpg,6,0.1154,0,scored,0.481,-0.19,
outlet_76e418b9,image_0007.jpg,7,0.1137,0,scored,0.483,-0.17,
outlet_76e418b9,image_0009.jpg,8,0.0917,0,scored,0.519,0.17,
outlet_76e418b9,image_0006.jpg,9,0.0811,0,scored,0.540,0.36,
outlet_76e418b9,image_0010.jpg,10,0.0780,0,scored,0.547,0.43,
outlet_76e418b9,image_0008.jpg,11,0.0720,0,scored,0.560,0.55,
outlet_76e418b9,image_0001.jpg,12,0.0665,0,scored,0.572,0.66,
outlet_76e418b9,image_0005.jpg,13,0.0655,0,scored,0.574,0.68,
outlet_76e418b9,image_0004.jpg,14,0.0602,0,scored,0.584,0.78,
outlet_777f9297,image_0001_1.jpg,1,0.6489,1,scored,0.346,-34.86,"Median similarity to peers 0.35 vs folder median 0.86 (modified z = -34.9; absolute floor 0.27). Scene reads as 'closed shutter' while 12/12 peers read as 'storefront'. No readable signage text, while peers show 'টেলিকম | আর | টেলিকম'. No geometric match to nearest peers (max 5 SIFT inliers)."
outlet_777f9297,image_0004.jpg,2,0.0864,0,scored,0.526,-22.70,
outlet_777f9297,image_0003.jpg,3,0.0007,0,scored,0.854,-0.54,
outlet_777f9297,image_0006.jpg,4,0.0006,0,scored,0.862,0.00,
outlet_777f9297,image_0009.jpg,5,0.0006,0,scored,0.864,0.11,
outlet_777f9297,image_0012.jpg,6,0.0006,0,scored,0.865,0.17,
outlet_777f9297,image_0010.jpg,7,0.0006,0,scored,0.866,0.24,
outlet_777f9297,image_0005.jpg,8,0.0005,0,scored,0.868,0.36,
outlet_777f9297,image_0011.jpg,9,0.0005,0,scored,0.871,0.57,
outlet_777f9297,image_0008.jpg,10,0.0004,0,scored,0.879,1.13,
outlet_777f9297,image_0002.jpg,11,0.0001,0,scored,0.693,-11.45,
outlet_777f9297,image_0001.jpg,12,0.0000,0,scored,0.800,-4.19,
outlet_777f9297,image_0007.jpg,13,0.0000,0,scored,0.820,-2.87,
outlet_782744b7,image_0003.jpg,1,0.0560,0,scored,0.592,-0.67,
outlet_782744b7,image_0006.jpg,2,0.0456,0,scored,0.610,-0.30,
outlet_782744b7,image_0002.jpg,3,0.0374,0,scored,0.625,0.00,
outlet_782744b7,image_0005.jpg,4,0.0368,0,scored,0.626,0.02,
outlet_782744b7,image_0001.jpg,5,0.0091,0,scored,0.711,1.76,
outlet_782744b7,image_0004.jpg,6,0.0061,0,scored,0.739,2.33,
outlet_782744b7,image_0007.jpg,7,0.0028,0,scored,0.489,-2.79,
outlet_7b0d7e5d,image_0001_1.jpg,1,0.3431,0,scored,0.220,-1.44,
outlet_7b0d7e5d,image_0003_1.jpg,2,0.3085,0,scored,0.266,-1.21,
outlet_7b0d7e5d,image_0004.jpg,3,0.1600,0,scored,0.436,-0.33,
outlet_7b0d7e5d,image_0002_1.jpg,4,0.1341,0,scored,0.458,-0.22,
outlet_7b0d7e5d,image_0004_1.jpg,5,0.1205,0,scored,0.474,-0.14,
outlet_7b0d7e5d,image_0006.jpg,6,0.0866,0,scored,0.529,0.14,
outlet_7b0d7e5d,image_0001.jpg,7,0.0338,0,scored,0.632,0.67,
outlet_7b0d7e5d,image_0005.jpg,8,0.0328,0,scored,0.634,0.68,
outlet_7b0d7e5d,image_0003.jpg,9,0.0218,0,scored,0.658,0.80,
outlet_7b0d7e5d,image_0002.jpg,10,0.0111,0,scored,0.698,1.01,
outlet_7d7b1abc,image_0019.jpg,1,0.3000,1,duplicate,nan,nan,Identical copy of image_0018.jpg (content hash match); duplicate submission adds no new evidence of a visit.
outlet_7d7b1abc,image_0004.jpg,2,0.0077,0,scored,0.548,-11.51,
outlet_7d7b1abc,image_0021.jpg,3,0.0045,0,scored,0.759,-1.87,
outlet_7d7b1abc,image_0015.jpg,4,0.0044,0,scored,0.760,-1.83,
outlet_7d7b1abc,image_0008.jpg,5,0.0032,0,scored,0.779,-0.96,
outlet_7d7b1abc,image_0017.jpg,6,0.0029,0,scored,0.785,-0.70,
outlet_7d7b1abc,image_0012.jpg,7,0.0028,0,scored,0.787,-0.61,
outlet_7d7b1abc,image_0022.jpg,8,0.0025,0,scored,0.793,-0.32,
outlet_7d7b1abc,image_0001.jpg,9,0.0024,0,scored,0.797,-0.14,
outlet_7d7b1abc,image_0009.jpg,10,0.0024,0,scored,0.797,-0.14,
outlet_7d7b1abc,image_0024.jpg,11,0.0023,0,scored,0.799,-0.06,
outlet_7d7b1abc,image_0018.jpg,12,0.0023,0,scored,0.799,-0.04,
outlet_7d7b1abc,image_0003.jpg,13,0.0022,0,scored,0.801,0.04,
outlet_7d7b1abc,image_0007.jpg,14,0.0021,0,scored,0.803,0.11,
outlet_7d7b1abc,image_0023.jpg,15,0.0020,0,scored,0.808,0.33,
outlet_7d7b1abc,image_0011.jpg,16,0.0017,0,scored,0.814,0.62,
outlet_7d7b1abc,image_0006.jpg,17,0.0017,0,scored,0.814,0.65,
outlet_7d7b1abc,image_0025.jpg,18,0.0017,0,scored,0.814,0.65,
outlet_7d7b1abc,image_0014.jpg,19,0.0016,0,scored,0.819,0.86,
outlet_7d7b1abc,image_0002.jpg,20,0.0012,0,scored,0.831,1.40,
outlet_7d7b1abc,image_0016.jpg,21,0.0011,0,scored,0.837,1.69,
outlet_7d7b1abc,image_0013.jpg,22,0.0011,0,scored,0.839,1.75,
outlet_7d7b1abc,image_0010.jpg,23,0.0009,0,scored,0.845,2.02,
outlet_7d7b1abc,image_0020.jpg,24,0.0007,0,scored,0.857,2.58,
outlet_7d7b1abc,image_0005.jpg,25,0.0000,0,scored,0.738,-2.84,
outlet_7f1dd575,image_0001_1.jpg,1,0.6204,1,scored,0.434,-3.02,Median similarity to peers 0.43 vs folder median 0.60 (modified z = -3.0; absolute floor 0.27). Scene reads as 'storefront' while 8/9 peers read as 'restaurant'. Signage text '01911 | 401550 | মোঃ' shares 0/26 tokens with outlet signage ('মোবাঃ ০১৭২৮-৫৪১৪৫৪ | উন্নতমানের ' | খাবার পরিবেশন ক্রা হ্য়…'). No geometric match to nearest peers (max 7 SIFT inliers).
outlet_7f1dd575,image_0002.jpg,2,0.0886,0,scored,0.525,-1.37,
outlet_7f1dd575,image_0009.jpg,3,0.0826,0,scored,0.537,-1.16,
outlet_7f1dd575,image_0008.jpg,4,0.0801,0,scored,0.542,-1.06,
outlet_7f1dd575,image_0006.jpg,5,0.0526,0,scored,0.598,-0.04,
outlet_7f1dd575,image_0005.jpg,6,0.0504,0,scored,0.602,0.04,
outlet_7f1dd575,image_0001.jpg,7,0.0482,0,scored,0.606,0.11,
outlet_7f1dd575,image_0007.jpg,8,0.0482,0,scored,0.606,0.11,
outlet_7f1dd575,image_0004.jpg,9,0.0425,0,scored,0.616,0.29,
outlet_7f1dd575,image_0003.jpg,10,0.0138,0,scored,0.685,1.54,
outlet_8033796b,image_0012.jpg,1,0.0401,0,scored,0.242,-42.56,
outlet_8033796b,image_0001.jpg,2,0.0009,0,scored,0.847,-1.76,
outlet_8033796b,image_0011.jpg,3,0.0007,0,scored,0.855,-1.17,
outlet_8033796b,image_0003.jpg,4,0.0005,0,scored,0.869,-0.24,
outlet_8033796b,image_0010.jpg,5,0.0005,0,scored,0.869,-0.24,
outlet_8033796b,image_0004.jpg,6,0.0004,0,scored,0.876,0.24,
outlet_8033796b,image_0009.jpg,7,0.0004,0,scored,0.877,0.29,
outlet_8033796b,image_0006.jpg,8,0.0004,0,scored,0.878,0.32,
outlet_8033796b,image_0002.jpg,9,0.0004,0,scored,0.879,0.45,
outlet_8033796b,image_0005.jpg,10,0.0004,0,scored,0.881,0.56,
outlet_8033796b,image_0007.jpg,11,0.0003,0,scored,0.888,1.05,
outlet_8033796b,image_0008.jpg,12,0.0000,0,scored,0.649,-15.12,
outlet_817272f8,image_0003.jpg,1,0.0031,0,scored,0.781,-2.34,
outlet_817272f8,image_0001.jpg,2,0.0013,0,scored,0.831,-0.67,
outlet_817272f8,image_0004.jpg,3,0.0008,0,scored,0.851,0.00,
outlet_817272f8,image_0005.jpg,4,0.0005,0,scored,0.870,0.64,
outlet_817272f8,image_0002.jpg,5,0.0004,0,scored,0.879,0.95,
outlet_827dd729,image_0001_1.jpg,1,0.8848,1,scored,0.148,-18.28,Median similarity to peers 0.15 vs folder median 0.82 (modified z = -18.3; absolute floor 0.27). Scene reads as 'closed shutter' while 5/13 peers read as 'shop interior'. Signage text '[[ | sursik | ভাঃ @ঃ' shares 0/7 tokens with outlet signage ('নিউ | CER | ং'). No geometric match to nearest peers (max 8 SIFT inliers).
outlet_827dd729,image_0003.jpg,2,0.6511,1,scored,0.210,-16.59,Median similarity to peers 0.21 vs folder median 0.82 (modified z = -16.6; absolute floor 0.27). Scene reads as 'storefront' while 5/13 peers read as 'shop interior'. Signage text 'প | ঢাকা | IONNO' shares 0/3 tokens with outlet signage ('নিউ | CER | ং'). No geometric match to nearest peers (max 14 SIFT inliers).
outlet_827dd729,image_0001.jpg,3,0.0031,0,scored,0.782,-1.11,
outlet_827dd729,image_0012.jpg,4,0.0027,0,scored,0.790,-0.90,
outlet_827dd729,image_0007.jpg,5,0.0021,0,scored,0.804,-0.53,
outlet_827dd729,image_0008.jpg,6,0.0019,0,scored,0.810,-0.37,
outlet_827dd729,image_0011.jpg,7,0.0017,0,scored,0.815,-0.23,
outlet_827dd729,image_0005.jpg,8,0.0012,0,scored,0.832,0.23,
outlet_827dd729,image_0006.jpg,9,0.0010,0,scored,0.841,0.48,
outlet_827dd729,image_0004.jpg,10,0.0010,0,scored,0.842,0.50,
outlet_827dd729,image_0002.jpg,11,0.0009,0,scored,0.847,0.63,
outlet_827dd729,image_0009.jpg,12,0.0008,0,scored,0.850,0.72,
outlet_827dd729,image_0013.jpg,13,0.0008,0,scored,0.854,0.83,
outlet_827dd729,image_0010.jpg,14,0.0007,0,scored,0.860,0.99,
outlet_830a6674,image_0004.jpg,1,0.3000,1,duplicate,nan,nan,Identical copy of image_0003.jpg (content hash match); duplicate submission adds no new evidence of a visit.
outlet_830a6674,image_0009.jpg,2,0.3000,1,duplicate,nan,nan,Identical copy of image_0008.jpg (content hash match); duplicate submission adds no new evidence of a visit.
outlet_830a6674,image_0013.jpg,3,0.3000,1,duplicate,nan,nan,Identical copy of image_0012.jpg (content hash match); duplicate submission adds no new evidence of a visit.
outlet_830a6674,image_0014.jpg,4,0.3000,1,duplicate,nan,nan,Identical copy of image_0012.jpg (content hash match); duplicate submission adds no new evidence of a visit.
outlet_830a6674,image_0007.jpg,5,0.0768,0,scored,0.549,-1.48,
outlet_830a6674,image_0002.jpg,6,0.0541,0,scored,0.595,-0.81,
outlet_830a6674,image_0012.jpg,7,0.0452,0,scored,0.611,-0.58,
outlet_830a6674,image_0011.jpg,8,0.0432,0,scored,0.615,-0.53,
outlet_830a6674,image_0006.jpg,9,0.0331,0,scored,0.633,-0.26,
outlet_830a6674,image_0008.jpg,10,0.0181,0,scored,0.669,0.26,
outlet_830a6674,image_0001.jpg,11,0.0142,0,scored,0.683,0.47,
outlet_830a6674,image_0005.jpg,12,0.0101,0,scored,0.704,0.77,
outlet_830a6674,image_0010.jpg,13,0.0101,0,scored,0.704,0.77,
outlet_830a6674,image_0003.jpg,14,0.0073,0,scored,0.726,1.09,
outlet_830ca989,image_0017.jpg,1,0.0024,0,scored,0.795,-1.24,
outlet_830ca989,image_0001.jpg,2,0.0021,0,scored,0.804,-0.93,
outlet_830ca989,image_0013.jpg,3,0.0018,0,scored,0.812,-0.65,
outlet_830ca989,image_0015.jpg,4,0.0017,0,scored,0.815,-0.55,
outlet_830ca989,image_0002.jpg,5,0.0016,0,scored,0.819,-0.39,
outlet_830ca989,image_0003.jpg,6,0.0014,0,scored,0.825,-0.17,
outlet_830ca989,image_0006.jpg,7,0.0014,0,scored,0.826,-0.12,
outlet_830ca989,image_0010.jpg,8,0.0013,0,scored,0.829,-0.03,
outlet_830ca989,image_0014.jpg,9,0.0013,0,scored,0.830,0.00,
outlet_830ca989,image_0018.jpg,10,0.0011,0,scored,0.838,0.29,
outlet_830ca989,image_0005.jpg,11,0.0011,0,scored,0.839,0.33,
outlet_830ca989,image_0009.jpg,12,0.0009,0,scored,0.848,0.67,
outlet_830ca989,image_0008.jpg,13,0.0008,0,scored,0.850,0.74,
outlet_830ca989,image_0019.jpg,14,0.0008,0,scored,0.852,0.82,
outlet_830ca989,image_0011.jpg,15,0.0007,0,scored,0.857,0.99,
outlet_830ca989,image_0007.jpg,16,0.0006,0,scored,0.862,1.18,
outlet_830ca989,image_0004.jpg,17,0.0006,0,scored,0.862,1.18,
outlet_830ca989,image_0012.jpg,18,0.0006,0,scored,0.862,1.18,
outlet_830ca989,image_0016.jpg,19,0.0000,0,scored,0.638,-6.93,
outlet_8543b5b4,image_0004_1.jpg,1,0.7913,1,scored,0.163,-5.11,"Median similarity to peers 0.16 vs folder median 0.80 (modified z = -5.1; absolute floor 0.27). Scene reads as 'closed shutter' while 5/9 peers read as 'storefront'. No readable signage text, while peers show '5 | 01 | 01'. No geometric match to nearest peers (max 11 SIFT inliers)."
outlet_8543b5b4,image_0002_1.jpg,2,0.0304,0,scored,0.638,-1.29,
outlet_8543b5b4,image_0003_1.jpg,3,0.0213,0,scored,0.660,-1.12,
outlet_8543b5b4,image_0001_1.jpg,4,0.0187,0,scored,0.667,-1.06,
outlet_8543b5b4,image_0004.jpg,5,0.0023,0,scored,0.798,0.00,
outlet_8543b5b4,image_0006.jpg,6,0.0023,0,scored,0.798,0.00,
outlet_8543b5b4,image_0005.jpg,7,0.0007,0,scored,0.857,0.47,
outlet_8543b5b4,image_0001.jpg,8,0.0006,0,scored,0.864,0.53,
outlet_8543b5b4,image_0002.jpg,9,0.0004,0,scored,0.879,0.65,
outlet_8543b5b4,image_0003.jpg,10,0.0003,0,scored,0.885,0.70,
outlet_867ffca6,image_0003.jpg,1,0.0032,0,scored,0.358,-17.35,
outlet_867ffca6,image_0002.jpg,2,0.0029,0,scored,0.786,-1.28,
outlet_867ffca6,image_0004.jpg,3,0.0027,0,scored,0.789,-1.17,
outlet_867ffca6,image_0015.jpg,4,0.0019,0,scored,0.809,-0.40,
outlet_867ffca6,image_0001.jpg,5,0.0018,0,scored,0.813,-0.26,
outlet_867ffca6,image_0006.jpg,6,0.0016,0,scored,0.820,0.00,
outlet_867ffca6,image_0009.jpg,7,0.0014,0,scored,0.825,0.20,
outlet_867ffca6,image_0005.jpg,8,0.0014,0,scored,0.826,0.25,
outlet_867ffca6,image_0013.jpg,9,0.0013,0,scored,0.828,0.31,
outlet_867ffca6,image_0007.jpg,10,0.0012,0,scored,0.831,0.42,
outlet_867ffca6,image_0008.jpg,11,0.0011,0,scored,0.838,0.67,
outlet_867ffca6,image_0010.jpg,12,0.0011,0,scored,0.838,0.70,
outlet_867ffca6,image_0014.jpg,13,0.0008,0,scored,0.854,1.29,
outlet_867ffca6,image_0011.jpg,14,0.0000,0,scored,0.470,-13.14,
outlet_867ffca6,image_0012.jpg,15,0.0000,0,scored,0.753,-2.51,
outlet_875df2f2,image_0004.jpg,1,0.0953,0,scored,0.512,-2.13,
outlet_875df2f2,image_0009.jpg,2,0.0816,0,scored,0.539,-1.85,
outlet_875df2f2,image_0007.jpg,3,0.0567,0,scored,0.591,-1.32,
outlet_875df2f2,image_0006.jpg,4,0.0265,0,scored,0.647,-0.74,
outlet_875df2f2,image_0001.jpg,5,0.0093,0,scored,0.709,-0.09,
outlet_875df2f2,image_0005.jpg,6,0.0090,0,scored,0.711,-0.07,
outlet_875df2f2,image_0008.jpg,7,0.0081,0,scored,0.718,0.00,
outlet_875df2f2,image_0012.jpg,8,0.0078,0,scored,0.721,0.02,
outlet_875df2f2,image_0013.jpg,9,0.0036,0,scored,0.772,0.55,
outlet_875df2f2,image_0003.jpg,10,0.0033,0,scored,0.778,0.61,
outlet_875df2f2,image_0011.jpg,11,0.0030,0,scored,0.784,0.67,
outlet_875df2f2,image_0002.jpg,12,0.0027,0,scored,0.789,0.73,
outlet_875df2f2,image_0010.jpg,13,0.0018,0,scored,0.811,0.95,
outlet_89fe040d,image_0002.jpg,1,0.6956,1,scored,0.339,-8.28,Median similarity to peers 0.34 vs folder median 0.80 (modified z = -8.3; absolute floor 0.27). Scene reads as 'poster close-up' while 19/23 peers read as 'storefront'. Signage text 'ডবিল | করন | বিকাশ' shares 1/15 tokens with outlet signage ('স | বিকাশ | খোলা;'). No geometric match to nearest peers (max 6 SIFT inliers).
outlet_89fe040d,image_0007.jpg,2,0.4375,1,scored,0.422,-6.78,Median similarity to peers 0.42 vs folder median 0.80 (modified z = -6.8; absolute floor 0.27). Same scene type as peers ('storefront') but not the same place. Signage text '9 | ন্ | 9' shares 0/4 tokens with outlet signage ('স | বিকাশ | খোলা;'). No geometric match to nearest peers (max 14 SIFT inliers).
outlet_89fe040d,image_0008.jpg,3,0.4035,1,scored,0.421,-6.80,Median similarity to peers 0.42 vs folder median 0.80 (modified z = -6.8; absolute floor 0.27). Scene reads as 'restaurant' while 19/23 peers read as 'storefront'. Signage text '১৪৯০ | ক্যশ আউটে | সুবিধা ডাবল @০' shares 6/8 tokens with outlet signage ('স | বিকাশ | খোলা;'). No geometric match to nearest peers (max 19 SIFT inliers).
outlet_89fe040d,image_0006.jpg,4,0.3000,1,duplicate,nan,nan,Identical copy of image_0005.jpg (content hash match); duplicate submission adds no new evidence of a visit.
outlet_89fe040d,image_0011.jpg,5,0.0131,0,scored,0.688,-2.00,
outlet_89fe040d,image_0009.jpg,6,0.0068,0,scored,0.730,-1.23,
outlet_89fe040d,image_0016.jpg,7,0.0060,0,scored,0.740,-1.07,
outlet_89fe040d,image_0010.jpg,8,0.0052,0,scored,0.749,-0.90,
outlet_89fe040d,image_0001.jpg,9,0.0041,0,scored,0.764,-0.62,
outlet_89fe040d,image_0025.jpg,10,0.0027,0,scored,0.790,-0.16,
outlet_89fe040d,image_0023.jpg,11,0.0024,0,scored,0.797,-0.03,
outlet_89fe040d,image_0013.jpg,12,0.0022,0,scored,0.801,0.03,
outlet_89fe040d,image_0005.jpg,13,0.0022,0,scored,0.802,0.06,
outlet_89fe040d,image_0022.jpg,14,0.0022,0,scored,0.802,0.06,
outlet_89fe040d,image_0017.jpg,15,0.0019,0,scored,0.808,0.16,
outlet_89fe040d,image_0014.jpg,16,0.0019,0,scored,0.809,0.18,
outlet_89fe040d,image_0024.jpg,17,0.0016,0,scored,0.817,0.33,
outlet_89fe040d,image_0019.jpg,18,0.0014,0,scored,0.825,0.48,
outlet_89fe040d,image_0012.jpg,19,0.0014,0,scored,0.826,0.48,
outlet_89fe040d,image_0021.jpg,20,0.0014,0,scored,0.826,0.48,
outlet_89fe040d,image_0015.jpg,21,0.0010,0,scored,0.839,0.73,
outlet_89fe040d,image_0018.jpg,22,0.0009,0,scored,0.845,0.83,
outlet_89fe040d,image_0020.jpg,23,0.0008,0,scored,0.850,0.92,
outlet_89fe040d,image_0004.jpg,24,0.0000,0,scored,0.238,-10.08,
outlet_89fe040d,image_0003.jpg,25,0.0000,0,scored,0.423,-6.76,
outlet_8c4b499e,image_0007.jpg,1,0.0312,0,scored,0.637,-0.93,
outlet_8c4b499e,image_0005.jpg,2,0.0071,0,scored,0.728,0.00,
outlet_8c4b499e,image_0004.jpg,3,0.0045,0,scored,0.758,0.31,
outlet_8c4b499e,image_0003.jpg,4,0.0042,0,scored,0.764,0.36,
outlet_8c4b499e,image_0009.jpg,5,0.0038,0,scored,0.770,0.42,
outlet_8c4b499e,image_0008.jpg,6,0.0025,0,scored,0.794,0.67,
outlet_8c4b499e,image_0001.jpg,7,0.0000,0,scored,0.164,-5.74,
outlet_8c4b499e,image_0006.jpg,8,0.0000,0,scored,0.220,-5.17,
outlet_8c4b499e,image_0002.jpg,9,0.0000,0,scored,0.192,-5.45,
outlet_8cae84d2,image_0003.jpg,1,0.0175,0,scored,0.671,-2.46,
outlet_8cae84d2,image_0005.jpg,2,0.0051,0,scored,0.751,-1.05,
outlet_8cae84d2,image_0001.jpg,3,0.0038,0,scored,0.769,-0.73,
outlet_8cae84d2,image_0006.jpg,4,0.0019,0,scored,0.809,-0.03,
outlet_8cae84d2,image_0004.jpg,5,0.0018,0,scored,0.812,0.03,
outlet_8cae84d2,image_0002.jpg,6,0.0017,0,scored,0.814,0.06,
outlet_8cae84d2,image_0007.jpg,7,0.0009,0,scored,0.845,0.61,
outlet_8cae84d2,image_0008.jpg,8,0.0008,0,scored,0.854,0.77,
outlet_927fbbbb,image_0002_1.jpg,1,0.5294,0,scored,0.104,-2.14,
outlet_927fbbbb,image_0006.jpg,2,0.2376,0,scored,0.311,-0.85,
outlet_927fbbbb,image_0001_1.jpg,3,0.2227,0,scored,0.355,-0.58,
outlet_927fbbbb,image_0005.jpg,4,0.2140,0,scored,0.401,-0.29,
outlet_927fbbbb,image_0001.jpg,5,0.1057,0,scored,0.495,0.29,
outlet_927fbbbb,image_0004.jpg,6,0.1011,0,scored,0.503,0.34,
outlet_927fbbbb,image_0003.jpg,7,0.0662,0,scored,0.572,0.77,
outlet_927fbbbb,image_0002.jpg,8,0.0203,0,scored,0.662,1.33,
outlet_9486512c,image_0003.jpg,1,0.0045,0,scored,0.758,-0.82,
outlet_9486512c,image_0005.jpg,2,0.0042,0,scored,0.763,-0.68,
outlet_9486512c,image_0008.jpg,3,0.0035,0,scored,0.773,-0.42,
outlet_9486512c,image_0002.jpg,4,0.0027,0,scored,0.790,0.00,
outlet_9486512c,image_0006.jpg,5,0.0027,0,scored,0.790,0.00,
outlet_9486512c,image_0001.jpg,6,0.0016,0,scored,0.817,0.66,
outlet_9486512c,image_0004.jpg,7,0.0016,0,scored,0.818,0.71,
outlet_9486512c,image_0007.jpg,8,0.0009,0,scored,0.848,1.45,
outlet_94a1339f,image_0001.jpg,1,0.1735,0,scored,0.427,-1.40,
outlet_94a1339f,image_0006.jpg,2,0.1229,0,scored,0.471,-0.99,
outlet_94a1339f,image_0003.jpg,3,0.1153,0,scored,0.481,-0.89,
outlet_94a1339f,image_0005.jpg,4,0.0910,0,scored,0.520,-0.51,
outlet_94a1339f,image_0012.jpg,5,0.0876,0,scored,0.527,-0.45,
outlet_94a1339f,image_0009.jpg,6,0.0654,0,scored,0.574,-0.00,
outlet_94a1339f,image_0002.jpg,7,0.0654,0,scored,0.574,0.00,
outlet_94a1339f,image_0004.jpg,8,0.0318,0,scored,0.636,0.59,
outlet_94a1339f,image_0008.jpg,9,0.0318,0,scored,0.636,0.59,
outlet_94a1339f,image_0010.jpg,10,0.0239,0,scored,0.653,0.76,
outlet_94a1339f,image_0007.jpg,11,0.0201,0,scored,0.663,0.85,
outlet_94a1339f,image_0011.jpg,12,0.0165,0,scored,0.674,0.96,
outlet_95569b27,image_0004.jpg,1,0.0015,0,scored,0.822,-0.67,
outlet_95569b27,image_0011.jpg,2,0.0014,0,scored,0.827,-0.49,
outlet_95569b27,image_0001.jpg,3,0.0012,0,scored,0.835,-0.17,
outlet_95569b27,image_0002.jpg,4,0.0011,0,scored,0.839,0.00,
outlet_95569b27,image_0006.jpg,5,0.0010,0,scored,0.842,0.11,
outlet_95569b27,image_0010.jpg,6,0.0008,0,scored,0.854,0.60,
outlet_95569b27,image_0007.jpg,7,0.0007,0,scored,0.858,0.77,
outlet_95569b27,image_0008.jpg,8,0.0005,0,scored,0.873,1.36,
outlet_95569b27,image_0009.jpg,9,0.0004,0,scored,0.876,1.51,
outlet_95569b27,image_0005.jpg,10,0.0002,0,scored,0.739,-4.02,
outlet_95569b27,image_0003.jpg,11,0.0000,0,scored,0.697,-5.74,
outlet_956b57b6,image_0003.jpg,1,0.0125,0,scored,0.691,-1.65,
outlet_956b57b6,image_0005.jpg,2,0.0080,0,scored,0.719,-0.85,
outlet_956b57b6,image_0001.jpg,3,0.0065,0,scored,0.734,-0.44,
outlet_956b57b6,image_0007.jpg,4,0.0051,0,scored,0.750,0.00,
outlet_956b57b6,image_0004.jpg,5,0.0038,0,scored,0.770,0.56,
outlet_956b57b6,image_0002.jpg,6,0.0035,0,scored,0.774,0.67,
outlet_956b57b6,image_0006.jpg,7,0.0034,0,scored,0.777,0.76,
outlet_9587ffc0,image_0008.jpg,1,0.0038,0,scored,0.770,-0.93,
outlet_9587ffc0,image_0003.jpg,2,0.0034,0,scored,0.776,-0.73,
outlet_9587ffc0,image_0011.jpg,3,0.0033,0,scored,0.778,-0.68,
outlet_9587ffc0,image_0004.jpg,4,0.0029,0,scored,0.786,-0.44,
outlet_9587ffc0,image_0005.jpg,5,0.0023,0,scored,0.799,-0.04,
outlet_9587ffc0,image_0002.jpg,6,0.0022,0,scored,0.802,0.04,
outlet_9587ffc0,image_0012.jpg,7,0.0021,0,scored,0.803,0.08,
outlet_9587ffc0,image_0006.jpg,8,0.0021,0,scored,0.804,0.13,
outlet_9587ffc0,image_0007.jpg,9,0.0015,0,scored,0.822,0.67,
outlet_9587ffc0,image_0010.jpg,10,0.0014,0,scored,0.826,0.80,
outlet_9587ffc0,image_0009.jpg,11,0.0009,0,scored,0.848,1.47,
outlet_9587ffc0,image_0001.jpg,12,0.0000,0,scored,0.718,-2.53,
outlet_96903c66,image_0002.jpg,1,0.3000,1,duplicate,nan,nan,Identical copy of image_0001.jpg (content hash match); duplicate submission adds no new evidence of a visit.
outlet_96903c66,image_0004.jpg,2,0.3000,1,duplicate,nan,nan,Identical copy of image_0003.jpg (content hash match); duplicate submission adds no new evidence of a visit.
outlet_96903c66,image_0006.jpg,3,0.3000,1,duplicate,nan,nan,Identical copy of image_0005.jpg (content hash match); duplicate submission adds no new evidence of a visit.
outlet_96903c66,image_0008.jpg,4,0.3000,1,duplicate,nan,nan,Identical copy of image_0007.jpg (content hash match); duplicate submission adds no new evidence of a visit.
outlet_96903c66,image_0011.jpg,5,0.3000,1,duplicate,nan,nan,Identical copy of image_0010.jpg (content hash match); duplicate submission adds no new evidence of a visit.
outlet_96903c66,image_0005.jpg,6,0.1760,0,scored,0.426,-0.67,
outlet_96903c66,image_0014.jpg,7,0.1756,0,scored,0.426,-0.67,
outlet_96903c66,image_0003.jpg,8,0.1751,0,scored,0.426,-0.66,
outlet_96903c66,image_0009.jpg,9,0.1336,0,scored,0.459,0.00,
outlet_96903c66,image_0016.jpg,10,0.1286,0,scored,0.464,0.11,
outlet_96903c66,image_0001.jpg,11,0.1190,0,scored,0.476,0.36,
outlet_96903c66,image_0012.jpg,12,0.1185,0,scored,0.477,0.37,
outlet_96903c66,image_0015.jpg,13,0.0919,0,scored,0.518,1.22,
outlet_96903c66,image_0010.jpg,14,0.0915,0,scored,0.519,1.24,
outlet_96903c66,image_0007.jpg,15,0.0910,0,scored,0.520,1.26,
outlet_96903c66,image_0018.jpg,16,0.0028,0,scored,0.142,-6.48,
outlet_96903c66,image_0017.jpg,17,0.0014,0,scored,0.242,-4.43,
outlet_96903c66,image_0013.jpg,18,0.0001,0,scored,0.332,-2.59,
outlet_9c031b9b,image_0003_1.jpg,1,0.8513,1,scored,0.131,-13.23,Median similarity to peers 0.13 vs folder median 0.71 (modified z = -13.2; absolute floor 0.27). Same scene type as peers ('closed shutter') but not the same place. Signage text '01852-470162 | 01707-398776 | প্রোঃ' shares 0/12 tokens with outlet signage ('MYMENSINGH | CHAMPIONS | ৫০ জন'). No geometric match to nearest peers (max 11 SIFT inliers).
outlet_9c031b9b,image_0004_1.jpg,2,0.7718,1,scored,0.279,-9.83,"Median similarity to peers 0.28 vs folder median 0.71 (modified z = -9.8; absolute floor 0.27). Scene reads as 'storefront' while 10/18 peers read as 'closed shutter'. No readable signage text, while peers show 'MYMENSINGH | CHAMPIONS | ৫০ জন'. No geometric match to nearest peers (max 7 SIFT inliers)."
outlet_9c031b9b,image_0002_1.jpg,3,0.7425,1,scored,0.239,-10.75,"Median similarity to peers 0.24 vs folder median 0.71 (modified z = -10.8; absolute floor 0.27). Same scene type as peers ('closed shutter') but not the same place. Signage text 'বা | প্যান্ট, | ফতুয়া' shares 0/8 tokens with outlet signage ('MYMENSINGH | CHAMPIONS | ৫০ জন'). No geometric match to nearest peers (max 10 SIFT inliers)."
outlet_9c031b9b,image_0012.jpg,4,0.0434,0,scored,0.614,-2.13,
outlet_9c031b9b,image_0001_1.jpg,5,0.0214,0,scored,0.112,-13.68,
outlet_9c031b9b,image_0004.jpg,6,0.0183,0,scored,0.668,-0.88,
outlet_9c031b9b,image_0006.jpg,7,0.0118,0,scored,0.694,-0.29,
outlet_9c031b9b,image_0013.jpg,8,0.0101,0,scored,0.704,-0.06,
outlet_9c031b9b,image_0011.jpg,9,0.0097,0,scored,0.706,0.00,
outlet_9c031b9b,image_0002.jpg,10,0.0092,0,scored,0.710,0.08,
outlet_9c031b9b,image_0014.jpg,11,0.0089,0,scored,0.712,0.13,
outlet_9c031b9b,image_0003.jpg,12,0.0084,0,scored,0.716,0.23,
outlet_9c031b9b,image_0015.jpg,13,0.0073,0,scored,0.725,0.43,
outlet_9c031b9b,image_0008.jpg,14,0.0066,0,scored,0.732,0.60,
outlet_9c031b9b,image_0009.jpg,15,0.0066,0,scored,0.733,0.60,
outlet_9c031b9b,image_0007.jpg,16,0.0063,0,scored,0.736,0.67,
outlet_9c031b9b,image_0010.jpg,17,0.0060,0,scored,0.739,0.75,
outlet_9c031b9b,image_0001.jpg,18,0.0043,0,scored,0.762,1.28,
outlet_9c031b9b,image_0005.jpg,19,0.0000,0,scored,0.583,-2.83,
outlet_9e5d2ebe,image_0007.jpg,1,0.3000,1,duplicate,nan,nan,Identical copy of image_0006.jpg (content hash match); duplicate submission adds no new evidence of a visit.
outlet_9e5d2ebe,image_0009.jpg,2,0.0069,0,scored,0.730,-1.63,
outlet_9e5d2ebe,image_0002.jpg,3,0.0049,0,scored,0.641,-3.61,
outlet_9e5d2ebe,image_0006.jpg,4,0.0031,0,scored,0.782,-0.47,
outlet_9e5d2ebe,image_0003.jpg,5,0.0021,0,scored,0.802,-0.01,
outlet_9e5d2ebe,image_0005.jpg,6,0.0021,0,scored,0.803,0.01,
outlet_9e5d2ebe,image_0001.jpg,7,0.0013,0,scored,0.827,0.56,
outlet_9e5d2ebe,image_0004.jpg,8,0.0011,0,scored,0.838,0.79,
outlet_9e5d2ebe,image_0008.jpg,9,0.0010,0,scored,0.843,0.91,
outlet_9f1d1b48,image_0003.jpg,1,0.5101,0,scored,0.094,-2.07,
outlet_9f1d1b48,image_0008.jpg,2,0.4942,0,scored,0.084,-2.12,
outlet_9f1d1b48,image_0007.jpg,3,0.4393,0,scored,0.164,-1.71,
outlet_9f1d1b48,image_0006.jpg,4,0.3793,0,scored,0.185,-1.60,
outlet_9f1d1b48,image_0005.jpg,5,0.3000,1,duplicate,nan,nan,Identical copy of image_0004.jpg (content hash match); duplicate submission adds no new evidence of a visit.
outlet_9f1d1b48,image_0003_1.jpg,6,0.2824,0,scored,0.282,-1.11,
outlet_9f1d1b48,image_0002_1.jpg,7,0.2265,0,scored,0.367,-0.67,
outlet_9f1d1b48,image_0004_1.jpg,8,0.2207,0,scored,0.345,-0.79,
outlet_9f1d1b48,image_0001_1.jpg,9,0.2206,0,scored,0.342,-0.80,
outlet_9f1d1b48,image_0001.jpg,10,0.1711,0,scored,0.429,-0.36,
outlet_9f1d1b48,image_0017.jpg,11,0.1563,0,scored,0.439,-0.31,
outlet_9f1d1b48,image_0011.jpg,12,0.1032,0,scored,0.499,0.00,
outlet_9f1d1b48,image_0014.jpg,13,0.1003,0,scored,0.504,0.02,
outlet_9f1d1b48,image_0004.jpg,14,0.0725,0,scored,0.559,0.30,
outlet_9f1d1b48,image_0018.jpg,15,0.0695,0,scored,0.565,0.34,
outlet_9f1d1b48,image_0016.jpg,16,0.0492,0,scored,0.604,0.53,
outlet_9f1d1b48,image_0009.jpg,17,0.0470,0,scored,0.608,0.55,
outlet_9f1d1b48,image_0010.jpg,18,0.0458,0,scored,0.610,0.57,
outlet_9f1d1b48,image_0002.jpg,19,0.0405,0,scored,0.619,0.61,
outlet_9f1d1b48,image_0012.jpg,20,0.0189,0,scored,0.666,0.85,
outlet_9f1d1b48,image_0013.jpg,21,0.0158,0,scored,0.677,0.91,
outlet_9f1d1b48,image_0015.jpg,22,0.0097,0,scored,0.706,1.06,
outlet_aa2e6f06,image_0006.jpg,1,0.3000,1,duplicate,nan,nan,Identical copy of image_0005.jpg (content hash match); duplicate submission adds no new evidence of a visit.
outlet_aa2e6f06,image_0004.jpg,2,0.2647,0,scored,0.292,-2.44,
outlet_aa2e6f06,image_0002.jpg,3,0.1343,0,scored,0.458,-0.69,
outlet_aa2e6f06,image_0003.jpg,4,0.1267,0,scored,0.466,-0.60,
outlet_aa2e6f06,image_0005.jpg,5,0.0618,0,scored,0.581,0.60,
outlet_aa2e6f06,image_0001.jpg,6,0.0593,0,scored,0.586,0.66,
outlet_aa2e6f06,image_0007.jpg,7,0.0453,0,scored,0.611,0.92,
outlet_aa55187a,image_0003_1.jpg,1,0.7038,1,scored,0.383,-3.28,"Median similarity to peers 0.38 vs folder median 0.70 (modified z = -3.3; absolute floor 0.27). Scene reads as 'restaurant' while 13/14 peers read as 'closed shutter'. No readable signage text, while peers show 'হাজার | AHAD GADGET | AHAD GAD'. No geometric match to nearest peers (max 6 SIFT inliers)."
outlet_aa55187a,image_0004.jpg,2,0.1036,0,scored,0.499,-2.10,
outlet_aa55187a,image_0006.jpg,3,0.0335,0,scored,0.632,-0.73,
outlet_aa55187a,image_0011.jpg,4,0.0150,0,scored,0.680,-0.24,
outlet_aa55187a,image_0002.jpg,5,0.0102,0,scored,0.704,0.00,
outlet_aa55187a,image_0007.jpg,6,0.0079,0,scored,0.720,0.17,
outlet_aa55187a,image_0001.jpg,7,0.0072,0,scored,0.727,0.24,
outlet_aa55187a,image_0001_1.jpg,8,0.0068,0,scored,0.363,-3.48,
outlet_aa55187a,image_0010.jpg,9,0.0066,0,scored,0.733,0.30,
outlet_aa55187a,image_0003.jpg,10,0.0055,0,scored,0.745,0.42,
outlet_aa55187a,image_0008.jpg,11,0.0048,0,scored,0.754,0.52,
outlet_aa55187a,image_0009.jpg,12,0.0038,0,scored,0.770,0.67,
outlet_aa55187a,image_0005.jpg,13,0.0036,0,scored,0.773,0.71,
outlet_aa55187a,image_0001_1_1.jpg,14,0.0000,0,scored,0.173,-5.43,
outlet_aa55187a,image_0002_1.jpg,15,0.0000,0,scored,0.219,-4.96,
outlet_aa9c72d7,image_0005.jpg,1,0.0898,0,scored,0.105,-19.68,
outlet_aa9c72d7,image_0006.jpg,2,0.0583,0,scored,0.171,-17.85,
outlet_aa9c72d7,image_0013.jpg,3,0.0072,0,scored,0.727,-2.46,
outlet_aa9c72d7,image_0002.jpg,4,0.0049,0,scored,0.754,-1.72,
outlet_aa9c72d7,image_0017.jpg,5,0.0038,0,scored,0.770,-1.28,
outlet_aa9c72d7,image_0014.jpg,6,0.0033,0,scored,0.779,-1.03,
outlet_aa9c72d7,image_0015.jpg,7,0.0026,0,scored,0.791,-0.67,
outlet_aa9c72d7,image_0020.jpg,8,0.0026,0,scored,0.791,-0.67,
outlet_aa9c72d7,image_0011.jpg,9,0.0017,0,scored,0.814,-0.06,
outlet_aa9c72d7,image_0012.jpg,10,0.0017,0,scored,0.815,-0.01,
outlet_aa9c72d7,image_0008.jpg,11,0.0017,0,scored,0.816,0.01,
outlet_aa9c72d7,image_0004.jpg,12,0.0016,0,scored,0.817,0.05,
outlet_aa9c72d7,image_0018.jpg,13,0.0016,0,scored,0.818,0.06,
outlet_aa9c72d7,image_0001.jpg,14,0.0014,0,scored,0.824,0.24,
outlet_aa9c72d7,image_0009.jpg,15,0.0014,0,scored,0.824,0.24,
outlet_aa9c72d7,image_0003.jpg,16,0.0014,0,scored,0.825,0.27,
outlet_aa9c72d7,image_0016.jpg,17,0.0014,0,scored,0.826,0.29,
outlet_aa9c72d7,image_0010.jpg,18,0.0009,0,scored,0.848,0.91,
outlet_aa9c72d7,image_0007.jpg,19,0.0006,0,scored,0.864,1.34,
outlet_aa9c72d7,image_0019.jpg,20,0.0005,0,scored,0.868,1.44,
outlet_ab1e8a98,image_0001.jpg,1,0.0650,0,scored,0.575,-1.02,
outlet_ab1e8a98,image_0003.jpg,2,0.0598,0,scored,0.585,-0.84,
outlet_ab1e8a98,image_0006.jpg,3,0.0524,0,scored,0.598,-0.60,
outlet_ab1e8a98,image_0008.jpg,4,0.0429,0,scored,0.615,-0.32,
outlet_ab1e8a98,image_0007.jpg,5,0.0366,0,scored,0.626,-0.12,
outlet_ab1e8a98,image_0010.jpg,6,0.0294,0,scored,0.640,0.12,
outlet_ab1e8a98,image_0009.jpg,7,0.0206,0,scored,0.662,0.49,
outlet_ab1e8a98,image_0002.jpg,8,0.0159,0,scored,0.676,0.75,
outlet_ab1e8a98,image_0005.jpg,9,0.0117,0,scored,0.695,1.06,
outlet_ab1e8a98,image_0004.jpg,10,0.0086,0,scored,0.715,1.41,
outlet_abd3f7bb,image_0001.jpg,1,0.7755,1,scored,0.160,-4.15,Median similarity to peers 0.16 vs folder median 0.50 (modified z = -4.2; absolute floor 0.27). Scene reads as 'closed shutter' while 3/6 peers read as 'storefront'. Signage text 'আল-আমিন - ১১৭৫৪-১৯২৭' shares 0/4 tokens with outlet signage ('১৪৯০ | 450 | বিক্রয়'). No geometric match to nearest peers (max 4 SIFT inliers).
outlet_abd3f7bb,image_0004.jpg,2,0.3000,1,duplicate,nan,nan,Identical copy of image_0003.jpg (content hash match); duplicate submission adds no new evidence of a visit.
outlet_abd3f7bb,image_0008.jpg,3,0.3000,1,duplicate,nan,nan,Identical copy of image_0007.jpg (content hash match); duplicate submission adds no new evidence of a visit.
outlet_abd3f7bb,image_0007.jpg,4,0.2022,0,scored,0.409,-1.11,
outlet_abd3f7bb,image_0009.jpg,5,0.1681,0,scored,0.431,-0.85,
outlet_abd3f7bb,image_0006.jpg,6,0.1028,0,scored,0.500,0.00,
outlet_abd3f7bb,image_0002.jpg,7,0.0949,0,scored,0.513,0.16,
outlet_abd3f7bb,image_0005.jpg,8,0.0774,0,scored,0.548,0.59,
outlet_abd3f7bb,image_0003.jpg,9,0.0741,0,scored,0.555,0.67,
outlet_ac1973a7,image_0012.jpg,1,0.0071,0,scored,0.587,-4.66,
outlet_ac1973a7,image_0001.jpg,2,0.0070,0,scored,0.728,-1.06,
outlet_ac1973a7,image_0011.jpg,3,0.0069,0,scored,0.730,-1.02,
outlet_ac1973a7,image_0006.jpg,4,0.0048,0,scored,0.755,-0.38,
outlet_ac1973a7,image_0007.jpg,5,0.0040,0,scored,0.766,-0.10,
outlet_ac1973a7,image_0003.jpg,6,0.0035,0,scored,0.773,0.10,
outlet_ac1973a7,image_0008.jpg,7,0.0031,0,scored,0.781,0.29,
outlet_ac1973a7,image_0004.jpg,8,0.0024,0,scored,0.795,0.65,
outlet_ac1973a7,image_0005.jpg,9,0.0024,0,scored,0.795,0.65,
outlet_ac1973a7,image_0009.jpg,10,0.0024,0,scored,0.797,0.70,
outlet_ac1973a7,image_0010.jpg,11,0.0017,0,scored,0.814,1.14,
outlet_ac1973a7,image_0002.jpg,12,0.0000,0,scored,0.634,-3.46,
outlet_ac589c16,image_0006.jpg,1,0.2281,0,scored,0.379,-0.74,
outlet_ac589c16,image_0001.jpg,2,0.2242,0,scored,0.390,0.00,
outlet_ac589c16,image_0003.jpg,3,0.2242,0,scored,0.390,0.00,
outlet_ac589c16,image_0005.jpg,4,0.2161,0,scored,0.399,0.61,
outlet_ac589c16,image_0004.jpg,5,0.1508,0,scored,0.443,3.57,
outlet_ac589c16,image_0002.jpg,6,0.1025,0,scored,0.242,-9.98,
outlet_ac5f17a2,image_0001.jpg,1,0.0052,0,scored,0.749,-2.03,
outlet_ac5f17a2,image_0019.jpg,2,0.0050,0,scored,0.751,-1.96,
outlet_ac5f17a2,image_0014.jpg,3,0.0045,0,scored,0.759,-1.70,
outlet_ac5f17a2,image_0028.jpg,4,0.0032,0,scored,0.780,-0.97,
outlet_ac5f17a2,image_0013.jpg,5,0.0029,0,scored,0.784,-0.82,
outlet_ac5f17a2,image_0026.jpg,6,0.0029,0,scored,0.784,-0.82,
outlet_ac5f17a2,image_0037.jpg,7,0.0028,0,scored,0.788,-0.70,
outlet_ac5f17a2,image_0031.jpg,8,0.0027,0,scored,0.790,-0.61,
outlet_ac5f17a2,image_0012.jpg,9,0.0025,0,scored,0.794,-0.50,
outlet_ac5f17a2,image_0035.jpg,10,0.0024,0,scored,0.795,-0.44,
outlet_ac5f17a2,image_0030.jpg,11,0.0023,0,scored,0.799,-0.31,
outlet_ac5f17a2,image_0011.jpg,12,0.0023,0,scored,0.800,-0.29,
outlet_ac5f17a2,image_0032.jpg,13,0.0022,0,scored,0.801,-0.27,
outlet_ac5f17a2,image_0009.jpg,14,0.0022,0,scored,0.801,-0.24,
outlet_ac5f17a2,image_0007.jpg,15,0.0020,0,scored,0.805,-0.11,
outlet_ac5f17a2,image_0005.jpg,16,0.0020,0,scored,0.806,-0.08,
outlet_ac5f17a2,image_0038.jpg,17,0.0019,0,scored,0.808,-0.01,
outlet_ac5f17a2,image_0008.jpg,18,0.0019,0,scored,0.808,0.01,
outlet_ac5f17a2,image_0010.jpg,19,0.0018,0,scored,0.813,0.15,
outlet_ac5f17a2,image_0025.jpg,20,0.0017,0,scored,0.815,0.22,
outlet_ac5f17a2,image_0002.jpg,21,0.0016,0,scored,0.819,0.35,
outlet_ac5f17a2,image_0036.jpg,22,0.0015,0,scored,0.822,0.45,
outlet_ac5f17a2,image_0034.jpg,23,0.0015,0,scored,0.823,0.50,
outlet_ac5f17a2,image_0021.jpg,24,0.0015,0,scored,0.823,0.50,
outlet_ac5f17a2,image_0040.jpg,25,0.0015,0,scored,0.823,0.50,
outlet_ac5f17a2,image_0033.jpg,26,0.0014,0,scored,0.825,0.58,
outlet_ac5f17a2,image_0017.jpg,27,0.0013,0,scored,0.827,0.65,
outlet_ac5f17a2,image_0022.jpg,28,0.0013,0,scored,0.831,0.77,
outlet_ac5f17a2,image_0018.jpg,29,0.0012,0,scored,0.834,0.90,
outlet_ac5f17a2,image_0003.jpg,30,0.0011,0,scored,0.838,1.03,
outlet_ac5f17a2,image_0006.jpg,31,0.0010,0,scored,0.840,1.08,
outlet_ac5f17a2,image_0024.jpg,32,0.0010,0,scored,0.843,1.18,
outlet_ac5f17a2,image_0016.jpg,33,0.0010,0,scored,0.844,1.21,
outlet_ac5f17a2,image_0023.jpg,34,0.0009,0,scored,0.844,1.23,
outlet_ac5f17a2,image_0029.jpg,35,0.0009,0,scored,0.848,1.37,
outlet_ac5f17a2,image_0027.jpg,36,0.0008,0,scored,0.849,1.39,
outlet_ac5f17a2,image_0015.jpg,37,0.0008,0,scored,0.851,1.47,
outlet_ac5f17a2,image_0039.jpg,38,0.0002,0,scored,0.717,-3.11,
outlet_ac5f17a2,image_0020.jpg,39,0.0001,0,scored,0.673,-4.63,
outlet_ac5f17a2,image_0004.jpg,40,0.0000,0,scored,0.721,-3.00,
outlet_ac904859,image_0004.jpg,1,0.0211,0,scored,0.528,-3.56,
outlet_ac904859,image_0001_1.jpg,2,0.0087,0,scored,0.306,-6.70,
outlet_ac904859,image_0008.jpg,3,0.0073,0,scored,0.726,-0.74,
outlet_ac904859,image_0006.jpg,4,0.0033,0,scored,0.778,0.00,
outlet_ac904859,image_0007.jpg,5,0.0033,0,scored,0.778,0.00,
outlet_ac904859,image_0001.jpg,6,0.0033,0,scored,0.778,0.01,
outlet_ac904859,image_0005.jpg,7,0.0025,0,scored,0.793,0.21,
outlet_ac904859,image_0002.jpg,8,0.0024,0,scored,0.797,0.27,
outlet_ac904859,image_0002_1.jpg,9,0.0019,0,scored,0.322,-6.47,
outlet_ac904859,image_0009.jpg,10,0.0014,0,scored,0.823,0.65,
outlet_ac904859,image_0003.jpg,11,0.0013,0,scored,0.827,0.70,
outlet_ac904859,image_0003_1.jpg,12,0.0006,0,scored,0.381,-5.64,
outlet_acf74822,image_0005.jpg,1,0.2280,0,scored,0.379,-2.18,
outlet_acf74822,image_0013.jpg,2,0.2278,0,scored,0.381,-2.16,
outlet_acf74822,image_0003.jpg,3,0.2024,0,scored,0.409,-1.89,
outlet_acf74822,image_0006.jpg,4,0.1383,0,scored,0.454,-1.45,
outlet_acf74822,image_0014.jpg,5,0.1279,0,scored,0.465,-1.34,
outlet_acf74822,image_0007.jpg,6,0.0869,0,scored,0.528,-0.71,
outlet_acf74822,image_0008.jpg,7,0.0640,0,scored,0.577,-0.23,
outlet_acf74822,image_0010.jpg,8,0.0518,0,scored,0.599,0.00,
outlet_acf74822,image_0012.jpg,9,0.0473,0,scored,0.607,0.08,
outlet_acf74822,image_0001.jpg,10,0.0300,0,scored,0.639,0.40,
outlet_acf74822,image_0015.jpg,11,0.0250,0,scored,0.650,0.51,
outlet_acf74822,image_0004.jpg,12,0.0225,0,scored,0.656,0.57,
outlet_acf74822,image_0011.jpg,13,0.0203,0,scored,0.662,0.62,
outlet_acf74822,image_0009.jpg,14,0.0186,0,scored,0.667,0.67,
outlet_acf74822,image_0002.jpg,15,0.0110,0,scored,0.699,0.98,
outlet_ad9690eb,image_0014.jpg,1,0.0134,0,scored,0.687,-2.07,
outlet_ad9690eb,image_0001.jpg,2,0.0112,0,scored,0.697,-1.52,
outlet_ad9690eb,image_0010.jpg,3,0.0103,0,scored,0.703,-1.24,
outlet_ad9690eb,image_0007.jpg,4,0.0096,0,scored,0.707,-1.00,
outlet_ad9690eb,image_0012.jpg,5,0.0087,0,scored,0.714,-0.66,
outlet_ad9690eb,image_0011.jpg,6,0.0075,0,scored,0.724,-0.14,
outlet_ad9690eb,image_0005.jpg,7,0.0072,0,scored,0.727,0.00,
outlet_ad9690eb,image_0017.jpg,8,0.0067,0,scored,0.731,0.24,
outlet_ad9690eb,image_0009.jpg,9,0.0067,0,scored,0.732,0.28,
outlet_ad9690eb,image_0013.jpg,10,0.0066,0,scored,0.733,0.32,
outlet_ad9690eb,image_0016.jpg,11,0.0063,0,scored,0.736,0.48,
outlet_ad9690eb,image_0002.jpg,12,0.0062,0,scored,0.737,0.56,
outlet_ad9690eb,image_0006.jpg,13,0.0060,0,scored,0.740,0.67,
outlet_ad9690eb,image_0015.jpg,14,0.0042,0,scored,0.763,1.85,
outlet_ad9690eb,image_0004.jpg,15,0.0036,0,scored,0.773,2.40,
outlet_ad9690eb,image_0003.jpg,16,0.0001,0,scored,0.638,-4.61,
outlet_ad9690eb,image_0008.jpg,17,0.0000,0,scored,0.612,-5.94,
outlet_aeaf0389,image_0001.jpg,1,0.7498,1,scored,0.288,-8.60,Median similarity to peers 0.29 vs folder median 0.68 (modified z = -8.6; absolute floor 0.27). Same scene type as peers ('closed shutter') but not the same place. Signage text 'শখা | বগুড়া | -814006|' shares 0/4 tokens with outlet signage ('English | DAT | মোবাইল: ০১৭৩৯-২০২৭০০'). No geometric match to nearest peers (max 6 SIFT inliers).
outlet_aeaf0389,image_0002.jpg,2,0.0476,0,scored,0.607,-1.62,
outlet_aeaf0389,image_0004.jpg,3,0.0147,0,scored,0.681,0.00,
outlet_aeaf0389,image_0006.jpg,4,0.0147,0,scored,0.681,0.00,
outlet_aeaf0389,image_0003.jpg,5,0.0099,0,scored,0.705,0.53,
outlet_aeaf0389,image_0005.jpg,6,0.0081,0,scored,0.718,0.82,
outlet_b2d035ee,image_0003.jpg,1,0.3000,1,duplicate,nan,nan,Identical copy of image_0002.jpg (content hash match); duplicate submission adds no new evidence of a visit.
outlet_b2d035ee,image_0012.jpg,2,0.1836,0,scored,0.444,-7.39,
outlet_b2d035ee,image_0009.jpg,3,0.0091,0,scored,0.711,-1.93,
outlet_b2d035ee,image_0015.jpg,4,0.0052,0,scored,0.749,-1.14,
outlet_b2d035ee,image_0007.jpg,5,0.0051,0,scored,0.750,-1.13,
outlet_b2d035ee,image_0001.jpg,6,0.0030,0,scored,0.783,-0.44,
outlet_b2d035ee,image_0008.jpg,7,0.0022,0,scored,0.801,-0.08,
outlet_b2d035ee,image_0011.jpg,8,0.0022,0,scored,0.801,-0.08,
outlet_b2d035ee,image_0004.jpg,9,0.0019,0,scored,0.809,0.08,
outlet_b2d035ee,image_0002.jpg,10,0.0017,0,scored,0.815,0.19,
outlet_b2d035ee,image_0005.jpg,11,0.0016,0,scored,0.817,0.25,
outlet_b2d035ee,image_0006.jpg,12,0.0012,0,scored,0.833,0.57,
outlet_b2d035ee,image_0010.jpg,13,0.0010,0,scored,0.843,0.78,
outlet_b2d035ee,image_0014.jpg,14,0.0008,0,scored,0.852,0.95,
outlet_b2d035ee,image_0013.jpg,15,0.0008,0,scored,0.854,1.00,
outlet_b6409886,image_0002_1.jpg,1,0.7042,1,scored,0.374,-10.14,Median similarity to peers 0.37 vs folder median 0.83 (modified z = -10.1; absolute floor 0.27). Same scene type as peers ('storefront') but not the same place. Signage text 'গ্যালী | পর্দা | েে' shares 0/4 tokens with outlet signage ('বিকাশ | ( | কন'). No geometric match to nearest peers (max 6 SIFT inliers).
outlet_b6409886,image_0001_1.jpg,2,0.6552,1,scored,0.421,-9.10,Median similarity to peers 0.42 vs folder median 0.83 (modified z = -9.1; absolute floor 0.27). Scene reads as 'closed shutter' while 6/9 peers read as 'storefront'. Signage text 'PARA | OOCTOR | CARIIIIL' shares 0/3 tokens with outlet signage ('বিকাশ | ( | কন'). No geometric match to nearest peers (max 7 SIFT inliers).
outlet_b6409886,image_0005.jpg,3,0.0022,0,scored,0.800,-0.67,
outlet_b6409886,image_0001.jpg,4,0.0020,0,scored,0.806,-0.52,
outlet_b6409886,image_0002.jpg,5,0.0016,0,scored,0.817,-0.30,
outlet_b6409886,image_0006.jpg,6,0.0010,0,scored,0.843,0.30,
outlet_b6409886,image_0008.jpg,7,0.0010,0,scored,0.843,0.30,
outlet_b6409886,image_0007.jpg,8,0.0006,0,scored,0.861,0.68,
outlet_b6409886,image_0004.jpg,9,0.0006,0,scored,0.862,0.72,
outlet_b6409886,image_0003.jpg,10,0.0005,0,scored,0.871,0.91,
outlet_ba2e645b,image_0009.jpg,1,0.0081,0,scored,0.718,-2.11,
outlet_ba2e645b,image_0005.jpg,2,0.0075,0,scored,0.724,-1.96,
outlet_ba2e645b,image_0014.jpg,3,0.0068,0,scored,0.730,-1.79,
outlet_ba2e645b,image_0013.jpg,4,0.0046,0,scored,0.756,-1.08,
outlet_ba2e645b,image_0011.jpg,5,0.0034,0,scored,0.776,-0.55,
outlet_ba2e645b,image_0012.jpg,6,0.0029,0,scored,0.785,-0.31,
outlet_ba2e645b,image_0003.jpg,7,0.0024,0,scored,0.796,-0.00,
outlet_ba2e645b,image_0002.jpg,8,0.0024,0,scored,0.796,0.00,
outlet_ba2e645b,image_0001.jpg,9,0.0022,0,scored,0.801,0.14,
outlet_ba2e645b,image_0004.jpg,10,0.0020,0,scored,0.807,0.29,
outlet_ba2e645b,image_0006.jpg,11,0.0018,0,scored,0.812,0.43,
outlet_ba2e645b,image_0008.jpg,12,0.0014,0,scored,0.826,0.80,
outlet_ba2e645b,image_0010.jpg,13,0.0013,0,scored,0.827,0.84,
outlet_ba2e645b,image_0007.jpg,14,0.0013,0,scored,0.828,0.85,
outlet_bb8db053,image_0006.jpg,1,0.6308,1,scored,0.424,-5.97,"Median similarity to peers 0.42 vs folder median 0.63 (modified z = -6.0; absolute floor 0.27). Same scene type as peers ('storefront') but not the same place. No readable signage text, while peers show '১টা | িল | সব'. No geometric match to nearest peers (max 8 SIFT inliers)."
outlet_bb8db053,image_0007.jpg,2,0.6308,1,duplicate,nan,nan,Identical copy of image_0006.jpg (content hash match); duplicate submission adds no new evidence of a visit. The original copy is itself flagged.
outlet_bb8db053,image_0003.jpg,3,0.0763,0,scored,0.550,-2.38,
outlet_bb8db053,image_0013.jpg,4,0.0360,0,scored,0.627,-0.19,
outlet_bb8db053,image_0005.jpg,5,0.0338,0,scored,0.632,-0.07,
outlet_bb8db053,image_0009.jpg,6,0.0313,0,scored,0.637,0.07,
outlet_bb8db053,image_0008.jpg,7,0.0261,0,scored,0.648,0.39,
outlet_bb8db053,image_0002.jpg,8,0.0255,0,scored,0.649,0.42,
outlet_bb8db053,image_0011.jpg,9,0.0255,0,scored,0.649,0.42,
outlet_bb8db053,image_0010.jpg,10,0.0188,0,scored,0.667,0.93,
outlet_bb8db053,image_0012.jpg,11,0.0168,0,scored,0.673,1.11,
outlet_bb8db053,image_0004.jpg,12,0.0019,0,scored,0.352,-8.01,
outlet_bb8db053,image_0001.jpg,13,0.0004,0,scored,0.533,-2.88,
outlet_c0381d55,image_0006.jpg,1,0.2270,0,scored,0.384,-1.37,
outlet_c0381d55,image_0002.jpg,2,0.1442,0,scored,0.448,-0.73,
outlet_c0381d55,image_0001.jpg,3,0.0998,0,scored,0.505,-0.17,
outlet_c0381d55,image_0007.jpg,4,0.0930,0,scored,0.516,-0.05,
outlet_c0381d55,image_0004.jpg,5,0.0874,0,scored,0.527,0.05,
outlet_c0381d55,image_0003.jpg,6,0.0590,0,scored,0.586,0.64,
outlet_c0381d55,image_0008.jpg,7,0.0556,0,scored,0.593,0.71,
outlet_c0381d55,image_0005.jpg,8,0.0453,0,scored,0.611,0.89,
outlet_c2181b07,image_0003_1.jpg,1,0.6025,1,scored,0.264,-7.48,"Median similarity to peers 0.26 vs folder median 0.73 (modified z = -7.5; absolute floor 0.27). Scene reads as 'closed shutter' while 11/17 peers read as 'storefront'. No readable signage text, while peers show 'রবি | রবি | হাজর'. No geometric match to nearest peers (max 15 SIFT inliers)."
outlet_c2181b07,image_0005.jpg,2,0.0586,0,scored,0.587,-2.33,
outlet_c2181b07,image_0002_1.jpg,3,0.0530,0,scored,0.597,-2.16,
outlet_c2181b07,image_0004_1.jpg,4,0.0329,0,scored,0.633,-1.59,
outlet_c2181b07,image_0001_1.jpg,5,0.0284,0,scored,0.643,-1.44,
outlet_c2181b07,image_0006.jpg,6,0.0102,0,scored,0.703,-0.47,
outlet_c2181b07,image_0004.jpg,7,0.0097,0,scored,0.707,-0.42,
outlet_c2181b07,image_0012.jpg,8,0.0076,0,scored,0.723,-0.16,
outlet_c2181b07,image_0008.jpg,9,0.0057,0,scored,0.743,0.16,
outlet_c2181b07,image_0007.jpg,10,0.0053,0,scored,0.747,0.22,
outlet_c2181b07,image_0009.jpg,11,0.0053,0,scored,0.747,0.22,
outlet_c2181b07,image_0001.jpg,12,0.0048,0,scored,0.754,0.33,
outlet_c2181b07,image_0013.jpg,13,0.0042,0,scored,0.762,0.46,
outlet_c2181b07,image_0014.jpg,14,0.0036,0,scored,0.772,0.62,
outlet_c2181b07,image_0010.jpg,15,0.0032,0,scored,0.779,0.73,
outlet_c2181b07,image_0003.jpg,16,0.0031,0,scored,0.782,0.78,
outlet_c2181b07,image_0011.jpg,17,0.0024,0,scored,0.795,0.99,
outlet_c2181b07,image_0002.jpg,18,0.0000,0,scored,0.540,-3.09,
outlet_c2fefbb3,image_0002.jpg,1,0.0643,0,scored,0.576,0.00,
outlet_c2fefbb3,image_0005.jpg,2,0.0643,0,scored,0.576,0.00,
outlet_c2fefbb3,image_0007.jpg,3,0.0545,0,scored,0.595,0.31,
outlet_c2fefbb3,image_0004.jpg,4,0.0456,0,scored,0.610,0.57,
outlet_c2fefbb3,image_0006.jpg,5,0.0385,0,scored,0.623,0.78,
outlet_c2fefbb3,image_0001.jpg,6,0.0029,0,scored,0.193,-6.37,
outlet_c2fefbb3,image_0003.jpg,7,0.0018,0,scored,0.285,-4.84,
outlet_c2fefbb3,image_0008.jpg,8,0.0007,0,scored,0.251,-5.41,
outlet_c3b06be2,image_0009.jpg,1,0.0392,0,scored,0.622,-0.09,
outlet_c3b06be2,image_0001.jpg,2,0.0373,0,scored,0.625,0.00,
outlet_c3b06be2,image_0003.jpg,3,0.0371,0,scored,0.626,0.01,
outlet_c3b06be2,image_0006.jpg,4,0.0328,0,scored,0.419,-5.26,
outlet_c3b06be2,image_0007.jpg,5,0.0303,0,scored,0.639,0.35,
outlet_c3b06be2,image_0002.jpg,6,0.0245,0,scored,0.651,0.67,
outlet_c3b06be2,image_0004.jpg,7,0.0087,0,scored,0.714,2.27,
outlet_c3b06be2,image_0008.jpg,8,0.0073,0,scored,0.224,-10.27,
outlet_c3b06be2,image_0005.jpg,9,0.0001,0,scored,0.450,-4.48,
outlet_c41e54d1,image_0008.jpg,1,0.3000,1,duplicate,nan,nan,Identical copy of image_0007.jpg (content hash match); duplicate submission adds no new evidence of a visit.
outlet_c41e54d1,image_0002.jpg,2,0.0211,0,scored,0.660,-2.42,
outlet_c41e54d1,image_0001.jpg,3,0.0201,0,scored,0.663,-2.38,
outlet_c41e54d1,image_0014.jpg,4,0.0131,0,scored,0.688,-2.00,
outlet_c41e54d1,image_0003.jpg,5,0.0050,0,scored,0.537,-4.33,
outlet_c41e54d1,image_0010.jpg,6,0.0037,0,scored,0.771,-0.72,
outlet_c41e54d1,image_0015.jpg,7,0.0034,0,scored,0.776,-0.63,
outlet_c41e54d1,image_0012.jpg,8,0.0020,0,scored,0.806,-0.17,
outlet_c41e54d1,image_0011.jpg,9,0.0013,0,scored,0.828,0.17,
outlet_c41e54d1,image_0005.jpg,10,0.0012,0,scored,0.831,0.22,
outlet_c41e54d1,image_0013.jpg,11,0.0010,0,scored,0.840,0.36,
outlet_c41e54d1,image_0009.jpg,12,0.0010,0,scored,0.843,0.41,
outlet_c41e54d1,image_0006.jpg,13,0.0007,0,scored,0.857,0.62,
outlet_c41e54d1,image_0007.jpg,14,0.0005,0,scored,0.870,0.82,
outlet_c41e54d1,image_0004.jpg,15,0.0004,0,scored,0.879,0.96,
outlet_c45b06f5,image_0007.jpg,1,0.5842,1,scored,0.235,-3.68,Median similarity to peers 0.23 vs folder median 0.61 (modified z = -3.7; absolute floor 0.27). Scene reads as 'closed shutter' while 8/12 peers read as 'storefront'. Signage text '@ | & | ঘর' shares 0/22 tokens with outlet signage ('এণ্ড | [ | ৪>'). No geometric match to nearest peers (max 21 SIFT inliers).
outlet_c45b06f5,image_0002.jpg,2,0.2266,0,scored,0.385,-2.19,
outlet_c45b06f5,image_0003.jpg,3,0.1697,0,scored,0.430,-1.75,
outlet_c45b06f5,image_0001.jpg,4,0.0835,0,scored,0.535,-0.71,
outlet_c45b06f5,image_0013.jpg,5,0.0779,0,scored,0.547,-0.59,
outlet_c45b06f5,image_0005.jpg,6,0.0549,0,scored,0.594,-0.12,
outlet_c45b06f5,image_0010.jpg,7,0.0481,0,scored,0.606,0.00,
outlet_c45b06f5,image_0011.jpg,8,0.0479,0,scored,0.606,0.00,
outlet_c45b06f5,image_0008.jpg,9,0.0302,0,scored,0.639,0.33,
outlet_c45b06f5,image_0004.jpg,10,0.0296,0,scored,0.640,0.34,
outlet_c45b06f5,image_0009.jpg,11,0.0166,0,scored,0.674,0.67,
outlet_c45b06f5,image_0006.jpg,12,0.0111,0,scored,0.698,0.92,
outlet_c45b06f5,image_0012.jpg,13,0.0096,0,scored,0.707,1.01,
outlet_c816ff76,image_0001_1.jpg,1,0.8050,1,scored,0.249,-7.23,"Median similarity to peers 0.25 vs folder median 0.67 (modified z = -7.2; absolute floor 0.27). Scene reads as 'shop interior' while 7/12 peers read as 'storefront'. No readable signage text, while peers show 'তৈরি | গেইট | 62'. No geometric match to nearest peers (max 7 SIFT inliers)."
outlet_c816ff76,image_0002.jpg,2,0.0559,0,scored,0.592,-1.27,
outlet_c816ff76,image_0011.jpg,3,0.0366,0,scored,0.626,-0.67,
outlet_c816ff76,image_0009.jpg,4,0.0341,0,scored,0.631,-0.59,
outlet_c816ff76,image_0006.jpg,5,0.0309,0,scored,0.637,-0.48,
outlet_c816ff76,image_0012.jpg,6,0.0266,0,scored,0.647,-0.32,
outlet_c816ff76,image_0007.jpg,7,0.0193,0,scored,0.665,0.00,
outlet_c816ff76,image_0008.jpg,8,0.0126,0,scored,0.690,0.43,
outlet_c816ff76,image_0005.jpg,9,0.0101,0,scored,0.704,0.67,
outlet_c816ff76,image_0010.jpg,10,0.0101,0,scored,0.704,0.67,
outlet_c816ff76,image_0003.jpg,11,0.0098,0,scored,0.706,0.71,
outlet_c816ff76,image_0004.jpg,12,0.0078,0,scored,0.721,0.98,
outlet_c816ff76,image_0001.jpg,13,0.0069,0,scored,0.729,1.12,
outlet_c9465127,image_0009.jpg,1,0.5712,1,scored,0.183,-12.59,"Median similarity to peers 0.18 vs folder median 0.74 (modified z = -12.6; absolute floor 0.27). Scene reads as 'closed shutter' while 6/9 peers read as 'shop interior'. No readable signage text, while peers show 'স | ফুড় | ফাস্ট ফুড়'. No geometric match to nearest peers (max 25 SIFT inliers)."
outlet_c9465127,image_0007.jpg,2,0.3000,1,duplicate,nan,nan,Identical copy of image_0006.jpg (content hash match); duplicate submission adds no new evidence of a visit.
outlet_c9465127,image_0002.jpg,3,0.0173,0,scored,0.671,-1.50,
outlet_c9465127,image_0004.jpg,4,0.0078,0,scored,0.721,-0.38,
outlet_c9465127,image_0003.jpg,5,0.0074,0,scored,0.724,-0.30,
outlet_c9465127,image_0005.jpg,6,0.0061,0,scored,0.738,0.00,
outlet_c9465127,image_0010.jpg,7,0.0061,0,scored,0.738,0.00,
outlet_c9465127,image_0001.jpg,8,0.0040,0,scored,0.765,0.63,
outlet_c9465127,image_0008.jpg,9,0.0038,0,scored,0.769,0.72,
outlet_c9465127,image_0011.jpg,10,0.0022,0,scored,0.800,1.42,
outlet_c9465127,image_0006.jpg,11,0.0022,0,scored,0.800,1.43,
outlet_ccbf4451,image_0001.jpg,1,0.0875,0,scored,0.527,-0.79,
outlet_ccbf4451,image_0007.jpg,2,0.0786,0,scored,0.545,-0.58,
outlet_ccbf4451,image_0003.jpg,3,0.0635,0,scored,0.578,-0.20,
outlet_ccbf4451,image_0005.jpg,4,0.0542,0,scored,0.595,0.00,
outlet_ccbf4451,image_0004.jpg,5,0.0541,0,scored,0.595,0.00,
outlet_ccbf4451,image_0002.jpg,6,0.0236,0,scored,0.654,0.67,
outlet_ccbf4451,image_0008.jpg,7,0.0152,0,scored,0.679,0.97,
outlet_ccbf4451,image_0006.jpg,8,0.0088,0,scored,0.713,1.36,
outlet_ccbf4451,image_0009.jpg,9,0.0000,0,scored,0.247,-4.02,
outlet_cf8dc0e2,image_0002_1.jpg,1,0.7126,1,scored,0.164,-4.85,"Median similarity to peers 0.16 vs folder median 0.63 (modified z = -4.9; absolute floor 0.27). Scene reads as 'closed shutter' while 4/10 peers read as 'restaurant'. No readable signage text, while peers show 'জ | জ | জ'. No geometric match to nearest peers (max 17 SIFT inliers)."
outlet_cf8dc0e2,image_0001_1.jpg,2,0.6982,1,scored,0.355,-2.87,"Median similarity to peers 0.36 vs folder median 0.63 (modified z = -2.9; absolute floor 0.27). Scene reads as 'storefront' while 5/10 peers read as 'closed shutter'. No readable signage text, while peers show 'জ | জ | জ'. No geometric match to nearest peers (max 6 SIFT inliers)."
outlet_cf8dc0e2,image_0008.jpg,3,0.0795,0,scored,0.543,-0.94,
outlet_cf8dc0e2,image_0002.jpg,4,0.0327,0,scored,0.634,0.00,
outlet_cf8dc0e2,image_0004.jpg,5,0.0327,0,scored,0.634,0.00,
outlet_cf8dc0e2,image_0003.jpg,6,0.0318,0,scored,0.636,0.02,
outlet_cf8dc0e2,image_0009.jpg,7,0.0249,0,scored,0.651,0.17,
outlet_cf8dc0e2,image_0005.jpg,8,0.0167,0,scored,0.674,0.41,
outlet_cf8dc0e2,image_0006.jpg,9,0.0109,0,scored,0.699,0.67,
outlet_cf8dc0e2,image_0007.jpg,10,0.0000,0,scored,0.242,-4.04,
outlet_cf8dc0e2,image_0001.jpg,11,0.0000,0,scored,0.389,-2.53,
outlet_d1358ee8,image_0006.jpg,1,0.0010,0,scored,0.843,-0.80,
outlet_d1358ee8,image_0005.jpg,2,0.0007,0,scored,0.854,-0.02,
outlet_d1358ee8,image_0003.jpg,3,0.0007,0,scored,0.855,0.00,
outlet_d1358ee8,image_0004.jpg,4,0.0007,0,scored,0.855,0.00,
outlet_d1358ee8,image_0002.jpg,5,0.0003,0,scored,0.889,2.30,
outlet_d1358ee8,image_0001.jpg,6,0.0002,0,scored,0.897,2.82,
outlet_d24e34d8,image_0003.jpg,1,0.0835,0,scored,0.535,-1.05,
outlet_d24e34d8,image_0004.jpg,2,0.0647,0,scored,0.279,-4.78,
outlet_d24e34d8,image_0001.jpg,3,0.0479,0,scored,0.606,0.00,
outlet_d24e34d8,image_0005.jpg,4,0.0479,0,scored,0.606,0.00,
outlet_d24e34d8,image_0002.jpg,5,0.0279,0,scored,0.644,0.54,
outlet_d24e34d8,image_0006.jpg,6,0.0206,0,scored,0.662,0.81,
outlet_d301c743,image_0003.jpg,1,0.2239,0,scored,0.359,-1.81,
outlet_d301c743,image_0002.jpg,2,0.2226,0,scored,0.392,-1.51,
outlet_d301c743,image_0001.jpg,3,0.0705,0,scored,0.563,0.00,
outlet_d301c743,image_0005.jpg,4,0.0705,0,scored,0.563,0.00,
outlet_d301c743,image_0004.jpg,5,0.0608,0,scored,0.583,0.18,
outlet_d301c743,image_0006.jpg,6,0.0115,0,scored,0.696,1.17,
outlet_d371a9c7,image_0002.jpg,1,0.0689,0,scored,0.438,-8.48,
outlet_d371a9c7,image_0003.jpg,2,0.0545,0,scored,0.595,-1.13,
outlet_d371a9c7,image_0004.jpg,3,0.0408,0,scored,0.619,0.00,
outlet_d371a9c7,image_0005.jpg,4,0.0408,0,scored,0.619,0.00,
outlet_d371a9c7,image_0006.jpg,5,0.0382,0,scored,0.623,0.22,
outlet_d371a9c7,image_0001.jpg,6,0.0097,0,scored,0.706,4.12,
outlet_d41a1422,image_0002_1.jpg,1,0.2453,0,scored,0.304,-2.17,
outlet_d41a1422,image_0001_1.jpg,2,0.2207,0,scored,0.338,-1.79,
outlet_d41a1422,image_0006.jpg,3,0.1563,0,scored,0.439,-0.69,
outlet_d41a1422,image_0003.jpg,4,0.1076,0,scored,0.492,-0.10,
outlet_d41a1422,image_0005.jpg,5,0.0966,0,scored,0.510,0.10,
outlet_d41a1422,image_0004.jpg,6,0.0843,0,scored,0.533,0.35,
outlet_d41a1422,image_0002.jpg,7,0.0713,0,scored,0.561,0.66,
outlet_d41a1422,image_0001.jpg,8,0.0701,0,scored,0.564,0.69,
outlet_d5d1af09,image_0003.jpg,1,0.0088,0,scored,0.713,-1.46,
outlet_d5d1af09,image_0001.jpg,2,0.0066,0,scored,0.733,-0.13,
outlet_d5d1af09,image_0006.jpg,3,0.0064,0,scored,0.734,0.00,
outlet_d5d1af09,image_0004.jpg,4,0.0062,0,scored,0.738,0.21,
outlet_d5d1af09,image_0007.jpg,5,0.0058,0,scored,0.741,0.45,
outlet_d5d1af09,image_0005.jpg,6,0.0039,0,scored,0.768,2.27,
outlet_d5d1af09,image_0002.jpg,7,0.0002,0,scored,0.629,-7.08,
outlet_d8c2f00a,image_0005.jpg,1,0.3322,0,scored,0.245,-0.93,
outlet_d8c2f00a,image_0006.jpg,2,0.3260,0,scored,0.252,-0.86,
outlet_d8c2f00a,image_0007.jpg,3,0.2608,0,scored,0.294,-0.49,
outlet_d8c2f00a,image_0008.jpg,4,0.2503,0,scored,0.301,-0.43,
outlet_d8c2f00a,image_0012.jpg,5,0.2258,0,scored,0.324,-0.22,
outlet_d8c2f00a,image_0004.jpg,6,0.2223,0,scored,0.393,0.39,
outlet_d8c2f00a,image_0010.jpg,7,0.2213,0,scored,0.349,0.00,
outlet_d8c2f00a,image_0009.jpg,8,0.2212,0,scored,0.348,-0.00,
outlet_d8c2f00a,image_0011.jpg,9,0.1474,0,scored,0.446,0.87,
outlet_d8c2f00a,image_0003.jpg,10,0.1347,0,scored,0.457,0.97,
outlet_d8c2f00a,image_0001.jpg,11,0.0951,0,scored,0.513,1.46,
outlet_d8c2f00a,image_0002.jpg,12,0.0669,0,scored,0.571,1.98,
outlet_d993a28a,image_0006.jpg,1,0.3000,1,duplicate,nan,nan,Identical copy of image_0005.jpg (content hash match); duplicate submission adds no new evidence of a visit.
outlet_d993a28a,image_0013.jpg,2,0.1842,0,scored,0.421,-2.10,
outlet_d993a28a,image_0009.jpg,3,0.1820,0,scored,0.422,-2.09,
outlet_d993a28a,image_0017.jpg,4,0.1521,0,scored,0.442,-1.88,
outlet_d993a28a,image_0012.jpg,5,0.1513,0,scored,0.443,-1.87,
outlet_d993a28a,image_0010.jpg,6,0.1247,0,scored,0.469,-1.61,
outlet_d993a28a,image_0011.jpg,7,0.1172,0,scored,0.478,-1.51,
outlet_d993a28a,image_0018.jpg,8,0.1050,0,scored,0.496,-1.32,
outlet_d993a28a,image_0022.jpg,9,0.0988,0,scored,0.506,-1.22,
outlet_d993a28a,image_0003.jpg,10,0.0853,0,scored,0.531,-0.96,
outlet_d993a28a,image_0008.jpg,11,0.0844,0,scored,0.533,-0.95,
outlet_d993a28a,image_0015.jpg,12,0.0653,0,scored,0.574,-0.52,
outlet_d993a28a,image_0027.jpg,13,0.0448,0,scored,0.612,-0.13,
outlet_d993a28a,image_0024.jpg,14,0.0383,0,scored,0.623,-0.01,
outlet_d993a28a,image_0019.jpg,15,0.0368,0,scored,0.626,0.01,
outlet_d993a28a,image_0001.jpg,16,0.0336,0,scored,0.632,0.07,
outlet_d993a28a,image_0021.jpg,17,0.0328,0,scored,0.634,0.09,
outlet_d993a28a,image_0002.jpg,18,0.0289,0,scored,0.641,0.17,
outlet_d993a28a,image_0016.jpg,19,0.0228,0,scored,0.656,0.32,
outlet_d993a28a,image_0005.jpg,20,0.0197,0,scored,0.664,0.41,
outlet_d993a28a,image_0014.jpg,21,0.0167,0,scored,0.673,0.50,
outlet_d993a28a,image_0023.jpg,22,0.0159,0,scored,0.677,0.53,
outlet_d993a28a,image_0026.jpg,23,0.0159,0,scored,0.677,0.53,
outlet_d993a28a,image_0004.jpg,24,0.0137,0,scored,0.685,0.62,
outlet_d993a28a,image_0007.jpg,25,0.0116,0,scored,0.695,0.73,
outlet_d993a28a,image_0025.jpg,26,0.0113,0,scored,0.697,0.74,
outlet_d993a28a,image_0020.jpg,27,0.0091,0,scored,0.711,0.88,
outlet_db0cff8a,image_0009.jpg,1,0.0213,0,scored,0.659,-0.67,
outlet_db0cff8a,image_0010.jpg,2,0.0198,0,scored,0.664,-0.54,
outlet_db0cff8a,image_0015.jpg,3,0.0166,0,scored,0.674,-0.24,
outlet_db0cff8a,image_0014.jpg,4,0.0163,0,scored,0.675,-0.21,
outlet_db0cff8a,image_0001.jpg,5,0.0157,0,scored,0.677,-0.15,
outlet_db0cff8a,image_0012.jpg,6,0.0150,0,scored,0.680,-0.07,
outlet_db0cff8a,image_0013.jpg,7,0.0139,0,scored,0.684,0.07,
outlet_db0cff8a,image_0003.jpg,8,0.0109,0,scored,0.699,0.51,
outlet_db0cff8a,image_0006.jpg,9,0.0100,0,scored,0.705,0.68,
outlet_db0cff8a,image_0011.jpg,10,0.0093,0,scored,0.709,0.82,
outlet_db0cff8a,image_0004.jpg,11,0.0077,0,scored,0.722,1.21,
outlet_db0cff8a,image_0005.jpg,12,0.0053,0,scored,0.747,1.95,
outlet_db0cff8a,image_0008.jpg,13,0.0051,0,scored,0.751,2.05,
outlet_db0cff8a,image_0016.jpg,14,0.0034,0,scored,0.775,2.79,
outlet_db0cff8a,image_0007.jpg,15,0.0000,0,scored,0.561,-3.62,
outlet_db0cff8a,image_0002.jpg,16,0.0000,0,scored,0.561,-3.63,
outlet_de743a96,image_0004.jpg,1,0.2265,0,scored,0.323,-2.13,
outlet_de743a96,image_0003.jpg,2,0.2220,0,scored,0.332,-2.04,
outlet_de743a96,image_0007.jpg,3,0.2207,0,scored,0.339,-1.97,
outlet_de743a96,image_0001.jpg,4,0.1258,0,scored,0.467,-0.67,
outlet_de743a96,image_0008.jpg,5,0.0910,0,scored,0.520,-0.14,
outlet_de743a96,image_0009.jpg,6,0.0839,0,scored,0.534,0.00,
outlet_de743a96,image_0002.jpg,7,0.0811,0,scored,0.540,0.06,
outlet_de743a96,image_0011.jpg,8,0.0759,0,scored,0.551,0.17,
outlet_de743a96,image_0005.jpg,9,0.0744,0,scored,0.554,0.21,
outlet_de743a96,image_0010.jpg,10,0.0482,0,scored,0.606,0.73,
outlet_de743a96,image_0006.jpg,11,0.0310,0,scored,0.637,1.05,
outlet_def72cf4,image_0001.jpg,1,0.7458,1,scored,0.230,-5.81,"Median similarity to peers 0.23 vs folder median 0.74 (modified z = -5.8; absolute floor 0.27). Scene reads as 'closed shutter' while 8/14 peers read as 'storefront'. No readable signage text, while peers show '১২১৬ | মেইন | ১০০৬'. No geometric match to nearest peers (max 10 SIFT inliers)."
outlet_def72cf4,image_0001_1.jpg,2,0.4528,1,scored,0.512,-2.62,Median similarity to peers 0.51 vs folder median 0.74 (modified z = -2.6; absolute floor 0.27). Same scene type as peers ('storefront') but not the same place. Signage text 'ACCREDITED | NETWORKED | BARCODED' shares 0/6 tokens with outlet signage ('১২১৬ | মেইন | ১০০৬'). No geometric match to nearest peers (max 8 SIFT inliers).
outlet_def72cf4,image_0010.jpg,3,0.0098,0,scored,0.706,-0.43,
outlet_def72cf4,image_0012.jpg,4,0.0094,0,scored,0.709,-0.40,
outlet_def72cf4,image_0009.jpg,5,0.0058,0,scored,0.741,-0.03,
outlet_def72cf4,image_0014.jpg,6,0.0056,0,scored,0.744,0.00,
outlet_def72cf4,image_0011.jpg,7,0.0050,0,scored,0.752,0.09,
outlet_def72cf4,image_0007.jpg,8,0.0036,0,scored,0.772,0.32,
outlet_def72cf4,image_0005.jpg,9,0.0032,0,scored,0.780,0.41,
outlet_def72cf4,image_0004.jpg,10,0.0021,0,scored,0.804,0.67,
outlet_def72cf4,image_0003.jpg,11,0.0021,0,scored,0.804,0.68,
outlet_def72cf4,image_0013.jpg,12,0.0017,0,scored,0.815,0.80,
outlet_def72cf4,image_0002.jpg,13,0.0017,0,scored,0.816,0.82,
outlet_def72cf4,image_0006.jpg,14,0.0001,0,scored,0.509,-2.65,
outlet_def72cf4,image_0008.jpg,15,0.0000,0,scored,0.488,-2.89,
outlet_e1278646,image_0001_1.jpg,1,0.6796,1,scored,0.178,-2.64,"Median similarity to peers 0.18 vs folder median 0.58 (modified z = -2.6; absolute floor 0.27). Scene reads as 'closed shutter' while 9/12 peers read as 'storefront'. No readable signage text, while peers show 'কশ | ১৪৯ | ১'. No geometric match to nearest peers (max 16 SIFT inliers)."
outlet_e1278646,image_0002_1.jpg,2,0.3429,0,scored,0.220,-2.36,
outlet_e1278646,image_0003_1.jpg,3,0.2899,0,scored,0.277,-1.98,
outlet_e1278646,image_0003.jpg,4,0.0892,0,scored,0.523,-0.35,
outlet_e1278646,image_0001.jpg,5,0.0681,0,scored,0.568,-0.05,
outlet_e1278646,image_0009.jpg,6,0.0647,0,scored,0.575,-0.00,
outlet_e1278646,image_0002.jpg,7,0.0644,0,scored,0.576,0.00,
outlet_e1278646,image_0010.jpg,8,0.0542,0,scored,0.595,0.13,
outlet_e1278646,image_0005.jpg,9,0.0229,0,scored,0.655,0.53,
outlet_e1278646,image_0007.jpg,10,0.0157,0,scored,0.677,0.67,
outlet_e1278646,image_0004.jpg,11,0.0094,0,scored,0.709,0.88,
outlet_e1278646,image_0006.jpg,12,0.0089,0,scored,0.712,0.91,
outlet_e1278646,image_0008.jpg,13,0.0073,0,scored,0.725,0.99,
outlet_e181d85d,image_0002_1.jpg,1,0.2253,0,scored,0.363,-1.94,
outlet_e181d85d,image_0001_1.jpg,2,0.2248,0,scored,0.362,-1.95,
outlet_e181d85d,image_0003_1.jpg,3,0.2206,0,scored,0.343,-2.09,
outlet_e181d85d,image_0013.jpg,4,0.1373,0,scored,0.455,-1.20,
outlet_e181d85d,image_0012.jpg,5,0.0914,0,scored,0.519,-0.69,
outlet_e181d85d,image_0003.jpg,6,0.0690,0,scored,0.566,-0.31,
outlet_e181d85d,image_0011.jpg,7,0.0618,0,scored,0.581,-0.19,
outlet_e181d85d,image_0015.jpg,8,0.0589,0,scored,0.587,-0.15,
outlet_e181d85d,image_0004.jpg,9,0.0544,0,scored,0.595,-0.08,
outlet_e181d85d,image_0002.jpg,10,0.0427,0,scored,0.615,0.08,
outlet_e181d85d,image_0007.jpg,11,0.0351,0,scored,0.629,0.19,
outlet_e181d85d,image_0006.jpg,12,0.0159,0,scored,0.676,0.57,
outlet_e181d85d,image_0010.jpg,13,0.0147,0,scored,0.681,0.61,
outlet_e181d85d,image_0008.jpg,14,0.0131,0,scored,0.688,0.66,
outlet_e181d85d,image_0014.jpg,15,0.0110,0,scored,0.699,0.75,
outlet_e181d85d,image_0001.jpg,16,0.0107,0,scored,0.700,0.76,
outlet_e181d85d,image_0009.jpg,17,0.0102,0,scored,0.703,0.79,
outlet_e181d85d,image_0005.jpg,18,0.0066,0,scored,0.733,1.02,
outlet_e3490c34,image_0008.jpg,1,0.0472,0,scored,0.608,-1.82,
outlet_e3490c34,image_0010.jpg,2,0.0323,0,scored,0.635,-1.36,
outlet_e3490c34,image_0004.jpg,3,0.0196,0,scored,0.664,-0.86,
outlet_e3490c34,image_0003.jpg,4,0.0183,0,scored,0.668,-0.79,
outlet_e3490c34,image_0011.jpg,5,0.0173,0,scored,0.672,-0.74,
outlet_e3490c34,image_0009.jpg,6,0.0123,0,scored,0.692,-0.39,
outlet_e3490c34,image_0013.jpg,7,0.0085,0,scored,0.715,0.00,
outlet_e3490c34,image_0007.jpg,8,0.0080,0,scored,0.720,0.08,
outlet_e3490c34,image_0006.jpg,9,0.0076,0,scored,0.723,0.14,
outlet_e3490c34,image_0005.jpg,10,0.0073,0,scored,0.726,0.19,
outlet_e3490c34,image_0002.jpg,11,0.0072,0,scored,0.726,0.19,
outlet_e3490c34,image_0012.jpg,12,0.0048,0,scored,0.755,0.67,
outlet_e3490c34,image_0001.jpg,13,0.0032,0,scored,0.779,1.09,
outlet_e72326eb,image_0012.jpg,1,0.0557,0,scored,0.592,-2.33,
outlet_e72326eb,image_0013.jpg,2,0.0506,0,scored,0.602,-2.18,
outlet_e72326eb,image_0007.jpg,3,0.0404,0,scored,0.620,-1.89,
outlet_e72326eb,image_0004.jpg,4,0.0386,0,scored,0.623,-1.84,
outlet_e72326eb,image_0009.jpg,5,0.0290,0,scored,0.641,-1.54,
outlet_e72326eb,image_0011.jpg,6,0.0197,0,scored,0.664,-1.18,
outlet_e72326eb,image_0005.jpg,7,0.0115,0,scored,0.696,-0.67,
outlet_e72326eb,image_0016.jpg,8,0.0103,0,scored,0.703,-0.56,
outlet_e72326eb,image_0001.jpg,9,0.0061,0,scored,0.738,0.00,
outlet_e72326eb,image_0008.jpg,10,0.0055,0,scored,0.745,0.11,
outlet_e72326eb,image_0014.jpg,11,0.0052,0,scored,0.749,0.18,
outlet_e72326eb,image_0017.jpg,12,0.0047,0,scored,0.756,0.29,
outlet_e72326eb,image_0010.jpg,13,0.0037,0,scored,0.770,0.52,
outlet_e72326eb,image_0002.jpg,14,0.0037,0,scored,0.771,0.53,
outlet_e72326eb,image_0003.jpg,15,0.0035,0,scored,0.774,0.59,
outlet_e72326eb,image_0006.jpg,16,0.0027,0,scored,0.789,0.82,
outlet_e72326eb,image_0015.jpg,17,0.0026,0,scored,0.792,0.88,
outlet_e9f9a70d,image_0002.jpg,1,0.7440,1,scored,0.151,-8.20,Median similarity to peers 0.15 vs folder median 0.74 (modified z = -8.2; absolute floor 0.27). Scene reads as 'poster close-up' while 15/15 peers read as 'storefront'. Signage text '৯৫ | 01737 500 033 | ২টি' shares 4/16 tokens with outlet signage ('3939 | ফোন: ০১৭৫৫-২০০২৫৫ | চাজ'). No geometric match to nearest peers (max 18 SIFT inliers).
outlet_e9f9a70d,image_0013.jpg,2,0.0601,0,scored,0.584,-2.12,
outlet_e9f9a70d,image_0014.jpg,3,0.0303,0,scored,0.639,-1.36,
outlet_e9f9a70d,image_0016.jpg,4,0.0264,0,scored,0.647,-1.24,
outlet_e9f9a70d,image_0004.jpg,5,0.0153,0,scored,0.679,-0.80,
outlet_e9f9a70d,image_0009.jpg,6,0.0148,0,scored,0.681,-0.77,
outlet_e9f9a70d,image_0005.jpg,7,0.0115,0,scored,0.696,-0.56,
outlet_e9f9a70d,image_0003.jpg,8,0.0072,0,scored,0.727,-0.12,
outlet_e9f9a70d,image_0006.jpg,9,0.0056,0,scored,0.744,0.12,
outlet_e9f9a70d,image_0001.jpg,10,0.0043,0,scored,0.761,0.36,
outlet_e9f9a70d,image_0012.jpg,11,0.0043,0,scored,0.761,0.36,
outlet_e9f9a70d,image_0010.jpg,12,0.0040,0,scored,0.766,0.43,
outlet_e9f9a70d,image_0008.jpg,13,0.0039,0,scored,0.768,0.45,
outlet_e9f9a70d,image_0011.jpg,14,0.0030,0,scored,0.783,0.67,
outlet_e9f9a70d,image_0015.jpg,15,0.0030,0,scored,0.784,0.68,
outlet_e9f9a70d,image_0007.jpg,16,0.0021,0,scored,0.803,0.95,
outlet_ec938d8d,image_0010.jpg,1,0.4269,0,scored,0.167,-1.60,
outlet_ec938d8d,image_0003.jpg,2,0.3670,0,scored,0.192,-0.72,
outlet_ec938d8d,image_0005.jpg,3,0.3586,0,scored,0.198,-0.50,
outlet_ec938d8d,image_0001.jpg,4,0.3526,0,scored,0.204,-0.29,
outlet_ec938d8d,image_0002.jpg,5,0.3500,0,scored,0.207,-0.18,
outlet_ec938d8d,image_0004.jpg,6,0.3442,0,scored,0.217,0.18,
outlet_ec938d8d,image_0007.jpg,7,0.3396,0,scored,0.230,0.63,
outlet_ec938d8d,image_0008.jpg,8,0.3007,0,scored,0.271,2.13,
outlet_ec938d8d,image_0006.jpg,9,0.2862,0,scored,0.279,2.43,
outlet_ec938d8d,image_0009.jpg,10,0.2862,0,scored,0.279,2.43,
outlet_ed090717,image_0006.jpg,1,0.2446,0,scored,0.305,-1.56,
outlet_ed090717,image_0003.jpg,2,0.2246,0,scored,0.361,-0.83,
outlet_ed090717,image_0002.jpg,3,0.2218,0,scored,0.351,-0.95,
outlet_ed090717,image_0004.jpg,4,0.1838,0,scored,0.421,-0.05,
outlet_ed090717,image_0001.jpg,5,0.1769,0,scored,0.425,0.00,
outlet_ed090717,image_0008.jpg,6,0.1763,0,scored,0.425,0.01,
outlet_ed090717,image_0007.jpg,7,0.1352,0,scored,0.457,0.41,
outlet_ed090717,image_0009.jpg,8,0.1181,0,scored,0.477,0.67,
outlet_ed090717,image_0005.jpg,9,0.1129,0,scored,0.484,0.77,
outlet_eef1223c,image_0013.jpg,1,0.3000,1,duplicate,nan,nan,Identical copy of image_0012.jpg (content hash match); duplicate submission adds no new evidence of a visit.
outlet_eef1223c,image_0015.jpg,2,0.3000,1,duplicate,nan,nan,Identical copy of image_0014.jpg (content hash match); duplicate submission adds no new evidence of a visit.
outlet_eef1223c,image_0012.jpg,3,0.0074,0,scored,0.631,-6.06,
outlet_eef1223c,image_0005.jpg,4,0.0045,0,scored,0.758,-1.17,
outlet_eef1223c,image_0008.jpg,5,0.0037,0,scored,0.770,-0.69,
outlet_eef1223c,image_0014.jpg,6,0.0037,0,scored,0.771,-0.66,
outlet_eef1223c,image_0003.jpg,7,0.0033,0,scored,0.777,-0.43,
outlet_eef1223c,image_0016.jpg,8,0.0030,0,scored,0.784,-0.15,
outlet_eef1223c,image_0007.jpg,9,0.0026,0,scored,0.792,0.15,
outlet_eef1223c,image_0010.jpg,10,0.0026,0,scored,0.792,0.15,
outlet_eef1223c,image_0004.jpg,11,0.0024,0,scored,0.796,0.29,
outlet_eef1223c,image_0001.jpg,12,0.0022,0,scored,0.801,0.49,
outlet_eef1223c,image_0011.jpg,13,0.0018,0,scored,0.811,0.88,
outlet_eef1223c,image_0006.jpg,14,0.0017,0,scored,0.815,1.02,
outlet_eef1223c,image_0002.jpg,15,0.0016,0,scored,0.662,-4.85,
outlet_eef1223c,image_0009.jpg,16,0.0016,0,scored,0.818,1.13,
outlet_ef7a091c,image_0004.jpg,1,0.4922,1,scored,0.499,-14.64,"Median similarity to peers 0.50 vs folder median 0.79 (modified z = -14.6; absolute floor 0.27). Scene reads as 'shop interior' while 5/5 peers read as 'closed shutter'. No readable signage text, while peers show 'SUNGAS | এ্টারপ্রাইজ | বাজার; কিশোরগঞ্জ| মোবাইল'. No geometric match to nearest peers (max 7 SIFT inliers)."
outlet_ef7a091c,image_0003.jpg,2,0.0030,0,scored,0.782,-0.16,
outlet_ef7a091c,image_0006.jpg,3,0.0030,0,scored,0.782,-0.16,
outlet_ef7a091c,image_0002.jpg,4,0.0027,0,scored,0.789,0.16,
outlet_ef7a091c,image_0001.jpg,5,0.0019,0,scored,0.809,1.19,
outlet_ef7a091c,image_0005.jpg,6,0.0019,0,scored,0.809,1.19,
outlet_f02e170e,image_0001.jpg,1,0.0393,0,scored,0.307,-28.62,
outlet_f02e170e,image_0002.jpg,2,0.0015,0,scored,0.822,0.00,
outlet_f02e170e,image_0005.jpg,3,0.0015,0,scored,0.822,0.00,
outlet_f02e170e,image_0003.jpg,4,0.0012,0,scored,0.834,0.67,
outlet_f02e170e,image_0006.jpg,5,0.0012,0,scored,0.834,0.67,
outlet_f02e170e,image_0004.jpg,6,0.0001,0,scored,0.375,-24.88,
outlet_f55150ab,image_0010.jpg,1,0.3000,1,duplicate,nan,nan,Identical copy of image_0009.jpg (content hash match); duplicate submission adds no new evidence of a visit.
outlet_f55150ab,image_0002.jpg,2,0.0310,0,scored,0.637,-1.25,
outlet_f55150ab,image_0009.jpg,3,0.0288,0,scored,0.642,-1.19,
outlet_f55150ab,image_0004.jpg,4,0.0079,0,scored,0.720,-0.06,
outlet_f55150ab,image_0003.jpg,5,0.0079,0,scored,0.721,-0.05,
outlet_f55150ab,image_0007.jpg,6,0.0075,0,scored,0.724,0.00,
outlet_f55150ab,image_0005.jpg,7,0.0043,0,scored,0.762,0.54,
outlet_f55150ab,image_0006.jpg,8,0.0037,0,scored,0.771,0.67,
outlet_f55150ab,image_0008.jpg,9,0.0036,0,scored,0.772,0.69,
outlet_f55150ab,image_0001.jpg,10,0.0029,0,scored,0.784,0.87,
outlet_f5ebfe3f,image_0001.jpg,1,0.2276,0,scored,0.382,-2.47,
outlet_f5ebfe3f,image_0003.jpg,2,0.1044,0,scored,0.497,-1.39,
outlet_f5ebfe3f,image_0009.jpg,3,0.0731,0,scored,0.557,-0.83,
outlet_f5ebfe3f,image_0002.jpg,4,0.0652,0,scored,0.574,-0.67,
outlet_f5ebfe3f,image_0005.jpg,5,0.0265,0,scored,0.647,0.00,
outlet_f5ebfe3f,image_0006.jpg,6,0.0210,0,scored,0.660,0.13,
outlet_f5ebfe3f,image_0007.jpg,7,0.0109,0,scored,0.699,0.49,
outlet_f5ebfe3f,image_0008.jpg,8,0.0084,0,scored,0.716,0.64,
outlet_f5ebfe3f,image_0004.jpg,9,0.0053,0,scored,0.748,0.95,
outlet_f8b4c480,image_0009.jpg,1,0.0075,0,scored,0.542,-5.36,
outlet_f8b4c480,image_0013.jpg,2,0.0070,0,scored,0.729,-1.28,
outlet_f8b4c480,image_0008.jpg,3,0.0068,0,scored,0.731,-1.24,
outlet_f8b4c480,image_0010.jpg,4,0.0041,0,scored,0.764,-0.51,
outlet_f8b4c480,image_0011.jpg,5,0.0034,0,scored,0.776,-0.25,
outlet_f8b4c480,image_0004.jpg,6,0.0028,0,scored,0.788,0.00,
outlet_f8b4c480,image_0002.jpg,7,0.0027,0,scored,0.790,0.06,
outlet_f8b4c480,image_0003.jpg,8,0.0026,0,scored,0.597,-4.17,
outlet_f8b4c480,image_0005.jpg,9,0.0020,0,scored,0.806,0.40,
outlet_f8b4c480,image_0006.jpg,10,0.0018,0,scored,0.813,0.56,
outlet_f8b4c480,image_0007.jpg,11,0.0016,0,scored,0.818,0.67,
outlet_f8b4c480,image_0012.jpg,12,0.0012,0,scored,0.833,0.98,
outlet_f8b4c480,image_0001.jpg,13,0.0012,0,scored,0.834,1.02,
outlet_fe059a3c,image_0005.jpg,1,0.9402,1,scored,0.025,-15.52,"Median similarity to peers 0.03 vs folder median 0.66 (modified z = -15.5; absolute floor 0.27). Scene reads as 'indoor room' while 9/16 peers read as 'storefront'. No readable signage text, while peers show 'ছ | খেব | $'. No geometric match to nearest peers (max 7 SIFT inliers)."
outlet_fe059a3c,image_0017.jpg,2,0.0311,0,scored,0.637,-0.53,
outlet_fe059a3c,image_0011.jpg,3,0.0297,0,scored,0.640,-0.46,
outlet_fe059a3c,image_0008.jpg,4,0.0251,0,scored,0.650,-0.21,
outlet_fe059a3c,image_0012.jpg,5,0.0219,0,scored,0.658,-0.01,
outlet_fe059a3c,image_0016.jpg,6,0.0217,0,scored,0.659,0.00,
outlet_fe059a3c,image_0002.jpg,7,0.0194,0,scored,0.665,0.16,
outlet_fe059a3c,image_0013.jpg,8,0.0168,0,scored,0.673,0.36,
outlet_fe059a3c,image_0004.jpg,9,0.0161,0,scored,0.676,0.42,
outlet_fe059a3c,image_0010.jpg,10,0.0135,0,scored,0.686,0.67,
outlet_fe059a3c,image_0014.jpg,11,0.0115,0,scored,0.696,0.92,
outlet_fe059a3c,image_0003.jpg,12,0.0094,0,scored,0.709,1.24,
outlet_fe059a3c,image_0015.jpg,13,0.0070,0,scored,0.729,1.72,
outlet_fe059a3c,image_0006.jpg,14,0.0067,0,scored,0.731,1.79,
outlet_fe059a3c,image_0009.jpg,15,0.0007,0,scored,0.515,-3.51,
outlet_fe059a3c,image_0007.jpg,16,0.0001,0,scored,0.434,-5.51,
outlet_fe059a3c,image_0001.jpg,17,0.0000,0,scored,0.506,-3.73,
outlet_ff5c6fd3,image_0005.jpg,1,0.1383,0,scored,0.454,-2.23,
outlet_ff5c6fd3,image_0010.jpg,2,0.1021,0,scored,0.501,-0.83,
outlet_ff5c6fd3,image_0008.jpg,3,0.0976,0,scored,0.508,-0.61,
outlet_ff5c6fd3,image_0009.jpg,4,0.0976,0,scored,0.508,-0.61,
outlet_ff5c6fd3,image_0004.jpg,5,0.0882,0,scored,0.525,-0.11,
outlet_ff5c6fd3,image_0006.jpg,6,0.0845,0,scored,0.533,0.11,
outlet_ff5c6fd3,image_0001.jpg,7,0.0824,0,scored,0.537,0.24,
outlet_ff5c6fd3,image_0003.jpg,8,0.0746,0,scored,0.554,0.74,
outlet_ff5c6fd3,image_0007.jpg,9,0.0746,0,scored,0.554,0.74,
outlet_ff5c6fd3,image_0002.jpg,10,0.0677,0,scored,0.569,1.18,
outlet_ffb4b10a,image_0007.jpg,1,0.0017,0,scored,0.816,-1.24,
outlet_ffb4b10a,image_0003.jpg,2,0.0007,0,scored,0.857,0.00,
outlet_ffb4b10a,image_0002.jpg,3,0.0006,0,scored,0.867,0.29,
outlet_ffb4b10a,image_0004.jpg,4,0.0005,0,scored,0.874,0.51,
outlet_ffb4b10a,image_0005.jpg,5,0.0004,0,scored,0.880,0.67,
outlet_ffb4b10a,image_0006.jpg,6,0.0000,0,scored,0.728,-3.88,
outlet_ffb4b10a,image_0001.jpg,7,0.0000,0,scored,0.651,-6.21,
